X,Y
0,1.82318
0.01,-0.0198855
0.02,-1.2261
0.03,-0.0819055
0.04,0.655383
0.05,-0.722609
0.06,-1.46438
0.07,2.36026
0.08,-0.585764
0.09,0.844514
0.1,-2.02972
0.11,-0.0705899
0.12,-0.641021
0.13,0.132695
0.14,-0.319037
0.15,-1.14195
0.16,0.35991
0.17,-0.56294
0.18,-0.812559
0.19,-0.438916
0.2,0.109336
0.21,-1.04062
0.22,0.190521
0.23,1.07396
0.24,1.31838
0.25,1.10208
0.26,0.714724
0.27,0.826221
0.28,-0.486384
0.29,-0.491676
0.3,-0.058623
0.31,0.375862
0.32,-0.56946
0.33,-1.81487
0.34,0.692921
0.35,-0.659849
0.36,0.15306
0.37,0.370967
0.38,-0.595066
0.39,1.28677
0.4,1.64505
0.41,-0.0323034
0.42,-0.251261
0.43,-0.0405539
0.44,0.734913
0.45,0.0654454
0.46,0.570059
0.47,-1.68318
0.48,0.890575
0.49,-0.543987
0.5,0.0679085
0.51,0.523731
0.52,0.716425
0.53,-0.607132
0.54,-0.0954313
0.55,2.24324
0.56,0.715528
0.57,-0.601199
0.58,-0.28907
0.59,1.86019
0.6,-0.715848
0.61,0.925969
0.62,0.535708
0.63,-0.462951
0.64,1.91904
0.65,0.711577
0.66,-0.54671
0.67,0.564618
0.68,3.75328
0.69,0.805525
0.7,1.05054
0.71,2.44609
0.72,1.63314
0.73,0.652352
0.74,-0.765056
0.75,-0.5671
0.76,2.77307
0.77,0.838224
0.78,1.03061
0.79,0.365169
0.8,2.46115
0.81,-0.592431
0.82,1.21782
0.83,1.58553
0.84,2.0845
0.85,0.247227
0.86,0.481039
0.87,-0.698754
0.88,1.27936
0.89,0.887007
0.9,1.41939
0.91,1.80041
0.92,3.20048
0.93,1.94974
0.94,2.75444
0.95,0.922119
0.96,2.75531
0.97,0.463917
0.98,-0.843956
0.99,1.04175
1,-0.738206
1.01,0.127926
1.02,1.50963
1.03,1.34933
1.04,1.47803
1.05,1.65385
1.06,1.6976
1.07,1.97572
1.08,1.2116
1.09,1.80298
1.1,2.06494
1.11,1.73209
1.12,1.60841
1.13,1.94405
1.14,-0.291208
1.15,0.407653
1.16,1.04467
1.17,0.097789
1.18,1.83427
1.19,0.699718
1.2,1.42901
1.21,0.0497863
1.22,0.811115
1.23,1.68573
1.24,2.15925
1.25,0.330755
1.26,0.293862
1.27,2.83942
1.28,1.96045
1.29,2.11432
1.3,0.897744
1.31,1.65179
1.32,0.00247224
1.33,0.975223
1.34,1.44778
1.35,0.554793
1.36,0.0632657
1.37,1.64592
1.38,0.58901
1.39,1.66963
1.4,1.48913
1.41,2.13432
1.42,1.11028
1.43,3.63218
1.44,2.64299
1.45,1.29195
1.46,1.18753
1.47,3.13957
1.48,1.68756
1.49,1.52564
1.5,2.15359
1.51,0.838158
1.52,-0.715025
1.53,1.80826
1.54,2.98309
1.55,2.37033
1.56,1.70835
1.57,1.17096
1.58,1.89829
1.59,1.23451
1.6,2.2005
1.61,1.67296
1.62,1.89578
1.63,0.913247
1.64,3.70431
1.65,0.173883
1.66,2.07316
1.67,2.62554
1.68,3.51094
1.69,2.69415
1.7,2.49853
1.71,1.40746
1.72,3.69134
1.73,2.28959
1.74,1.14544
1.75,3.06943
1.76,2.3113
1.77,0.317819
1.78,1.71933
1.79,1.2474
1.8,0.721128
1.81,1.66896
1.82,2.3295
1.83,1.75275
1.84,1.60915
1.85,1.22813
1.86,2.80247
1.87,2.29201
1.88,2.22289
1.89,2.57351
1.9,2.55301
1.91,1.66755
1.92,1.88875
1.93,1.5799
1.94,2.9614
1.95,2.28751
1.96,2.16103
1.97,2.33963
1.98,1.80127
1.99,2.29252
2,1.59605
2.01,2.1356
2.02,2.78959
2.03,1.99215
2.04,1.58762
2.05,3.18436
2.06,1.89422
2.07,2.5337
2.08,0.782481
2.09,2.74948
2.1,1.42593
2.11,3.07945
2.12,3.10956
2.13,0.968167
2.14,3.58859
2.15,2.04622
2.16,3.38782
2.17,3.2827
2.18,1.80771
2.19,2.81817
2.2,1.19459
2.21,1.19767
2.22,2.45072
2.23,3.43215
2.24,1.41209
2.25,2.93218
2.26,0.969547
2.27,2.83251
2.28,1.90541
2.29,2.97588
2.3,3.51679
2.31,1.10512
2.32,1.83006
2.33,4.33752
2.34,3.64173
2.35,2.44578
2.36,2.02326
2.37,2.5234
2.38,3.66193
2.39,3.12356
2.4,2.23773
2.41,2.27079
2.42,0.483988
2.43,1.36485
2.44,4.2397
2.45,3.16748
2.46,2.42111
2.47,2.40481
2.48,4.00276
2.49,3.66804
2.5,2.04812
2.51,2.19538
2.52,2.0494
2.53,2.19684
2.54,1.60165
2.55,2.67768
2.56,1.18954
2.57,3.39253
2.58,2.97267
2.59,1.67141
2.6,3.84509
2.61,1.21906
2.62,4.91335
2.63,2.88603
2.64,2.84964
2.65,3.19149
2.66,3.09227
2.67,2.50114
2.68,2.98385
2.69,3.20252
2.7,3.59934
2.71,2.41661
2.72,4.5136
2.73,2.57296
2.74,4.00414
2.75,2.15059
2.76,2.04734
2.77,3.61168
2.78,1.58264
2.79,4.34512
2.8,1.67091
2.81,2.21298
2.82,1.70614
2.83,3.57467
2.84,2.68387
2.85,2.64846
2.86,2.64841
2.87,3.55775
2.88,2.81048
2.89,4.27026
2.9,3.56144
2.91,2.10109
2.92,2.60996
2.93,3.94751
2.94,1.63933
2.95,2.19115
2.96,5.84463
2.97,4.66729
2.98,2.79112
2.99,3.51622
3,1.41112
3.01,3.55223
3.02,3.12918
3.03,2.51906
3.04,2.7137
3.05,3.19113
3.06,2.81729
3.07,4.71637
3.08,2.80937
3.09,3.12792
3.1,2.9984
3.11,2.92082
3.12,2.41416
3.13,3.89822
3.14,4.7483
3.15,4.40467
3.16,1.93965
3.17,1.15832
3.18,2.35325
3.19,2.24203
3.2,3.05368
3.21,2.61814
3.22,3.90173
3.23,2.61343
3.24,2.89481
3.25,2.74289
3.26,3.3001
3.27,2.73155
3.28,3.71151
3.29,4.35131
3.3,5.39459
3.31,3.86275
3.32,5.65797
3.33,2.28414
3.34,4.07218
3.35,2.85214
3.36,4.03909
3.37,3.19226
3.38,2.60322
3.39,2.69603
3.4,3.46555
3.41,4.29747
3.42,2.0493
3.43,3.73097
3.44,2.13557
3.45,2.34784
3.46,3.89463
3.47,3.78304
3.48,2.96595
3.49,4.24618
3.5,3.6431
3.51,2.85309
3.52,2.07909
3.53,4.48366
3.54,1.84509
3.55,3.39948
3.56,4.56626
3.57,5.60188
3.58,3.48673
3.59,2.90813
3.6,4.37841
3.61,2.20826
3.62,2.08722
3.63,3.30941
3.64,3.54136
3.65,3.49052
3.66,3.17383
3.67,4.86177
3.68,3.51867
3.69,4.31664
3.7,2.48253
3.71,4.09943
3.72,2.42617
3.73,2.50186
3.74,3.42277
3.75,4.04122
3.76,3.43555
3.77,6.59874
3.78,3.21026
3.79,2.4199
3.8,3.85046
3.81,3.00163
3.82,2.7997
3.83,2.60685
3.84,2.48573
3.85,4.26039
3.86,3.9536
3.87,3.56034
3.88,3.88915
3.89,4.45951
3.9,2.75174
3.91,2.34633
3.92,5.54249
3.93,3.18208
3.94,4.16922
3.95,4.3101
3.96,4.89151
3.97,4.99989
3.98,2.85419
3.99,3.34033
4,4.78216
4.01,4.83184
4.02,4.61228
4.03,3.63138
4.04,4.41948
4.05,4.21849
4.06,4.66752
4.07,2.57012
4.08,4.01263
4.09,3.70199
4.1,4.3099
4.11,4.36825
4.12,4.46594
4.13,3.90069
4.14,4.26591
4.15,3.54175
4.16,5.56295
4.17,3.80401
4.18,4.18247
4.19,4.64806
4.2,3.70112
4.21,5.32831
4.22,4.75402
4.23,6.30302
4.24,5.99877
4.25,6.87052
4.26,3.89425
4.27,4.96921
4.28,4.07629
4.29,5.36698
4.3,5.47172
4.31,3.6615
4.32,5.29283
4.33,5.34864
4.34,4.71633
4.35,3.42963
4.36,3.68444
4.37,3.87305
4.38,2.08067
4.39,5.14539
4.4,4.56969
4.41,4.71322
4.42,4.70297
4.43,3.60916
4.44,4.5931
4.45,4.79809
4.46,3.43319
4.47,3.45936
4.48,5.79443
4.49,6.58531
4.5,4.12064
4.51,4.61954
4.52,5.06274
4.53,4.15265
4.54,5.03764
4.55,5.26533
4.56,5.99294
4.57,4.80571
4.58,4.8702
4.59,3.7199
4.6,4.21235
4.61,5.01205
4.62,3.2868
4.63,6.01666
4.64,4.16662
4.65,5.55494
4.66,4.15963
4.67,4.12362
4.68,4.72078
4.69,4.1023
4.7,5.10484
4.71,4.19371
4.72,5.58607
4.73,3.1291
4.74,4.53992
4.75,4.89221
4.76,4.41438
4.77,4.99043
4.78,7.62132
4.79,5.12528
4.8,3.51912
4.81,3.9769
4.82,5.64284
4.83,4.17521
4.84,4.92331
4.85,5.38974
4.86,4.50487
4.87,3.61115
4.88,4.44715
4.89,5.28632
4.9,5.82574
4.91,5.01813
4.92,4.84691
4.93,3.00812
4.94,4.76219
4.95,5.91146
4.96,3.6107
4.97,5.61938
4.98,6.001
4.99,3.63923
5,4.98562
5.01,4.78207
5.02,5.83789
5.03,4.65258
5.04,5.29771
5.05,4.40632
5.06,4.32494
5.07,3.95495
5.08,5.27145
5.09,4.24216
5.1,5.91117
5.11,5.45493
5.12,3.84265
5.13,4.6391
5.14,5.1635
5.15,4.90525
5.16,4.20304
5.17,5.26886
5.18,5.67945
5.19,4.67683
5.2,4.53847
5.21,4.44569
5.22,7.01428
5.23,5.52134
5.24,6.20501
5.25,6.48487
5.26,4.49114
5.27,4.988
5.28,5.80955
5.29,5.68181
5.3,4.75932
5.31,5.35615
5.32,5.02272
5.33,5.85578
5.34,5.47822
5.35,5.08328
5.36,4.86757
5.37,5.78507
5.38,7.26972
5.39,3.49094
5.4,5.98649
5.41,6.40823
5.42,5.55161
5.43,4.43808
5.44,4.38704
5.45,5.92199
5.46,5.14874
5.47,5.98096
5.48,7.59007
5.49,4.77226
5.5,4.0683
5.51,6.52494
5.52,7.13866
5.53,5.35129
5.54,4.95964
5.55,4.74236
5.56,6.2046
5.57,4.4502
5.58,6.34054
5.59,4.35942
5.6,6.30826
5.61,5.72257
5.62,6.57521
5.63,7.70934
5.64,5.29388
5.65,7.36536
5.66,6.31381
5.67,6.31258
5.68,5.26956
5.69,7.84074
5.7,5.12365
5.71,5.66622
5.72,7.44557
5.73,6.40925
5.74,5.07619
5.75,7.35049
5.76,5.73096
5.77,7.2834
5.78,5.33319
5.79,4.81679
5.8,6.867
5.81,5.16604
5.82,4.68854
5.83,5.52074
5.84,6.49841
5.85,5.30322
5.86,6.18025
5.87,5.81737
5.88,6.84482
5.89,5.29111
5.9,7.2227
5.91,4.97225
5.92,5.7484
5.93,7.26269
5.94,4.03883
5.95,5.37234
5.96,6.40224
5.97,8.01014
5.98,7.31652
5.99,6.3078
6,6.20421
6.01,7.04499
6.02,6.0455
6.03,3.82312
6.04,5.03448
6.05,7.50634
6.06,7.11331
6.07,5.84792
6.08,5.52329
6.09,4.40187
6.1,5.96775
6.11,5.82163
6.12,5.15008
6.13,5.84065
6.14,5.73597
6.15,3.76512
6.16,6.46661
6.17,6.88029
6.18,7.42339
6.19,5.8516
6.2,5.63268
6.21,6.32488
6.22,5.9892
6.23,6.63138
6.24,4.53283
6.25,6.14783
6.26,6.45467
6.27,7.8347
6.28,6.5306
6.29,5.64776
6.3,6.07069
6.31,6.52301
6.32,6.19534
6.33,6.32975
6.34,6.4581
6.35,7.9283
6.36,3.27463
6.37,6.85975
6.38,7.16451
6.39,8.87227
6.4,7.96378
6.41,4.92111
6.42,7.19665
6.43,5.87441
6.44,6.88558
6.45,6.6358
6.46,5.66818
6.47,4.75017
6.48,6.36081
6.49,6.36779
6.5,7.09559
6.51,6.6808
6.52,8.29824
6.53,6.65692
6.54,7.14042
6.55,4.75519
6.56,7.19547
6.57,6.57333
6.58,7.43882
6.59,6.09494
6.6,6.77911
6.61,6.84601
6.62,6.85303
6.63,8.75647
6.64,8.11756
6.65,6.16649
6.66,6.33887
6.67,7.8799
6.68,6.67531
6.69,7.7879
6.7,5.78711
6.71,7.33205
6.72,6.66108
6.73,8.30026
6.74,7.63849
6.75,5.55787
6.76,5.70905
6.77,7.04443
6.78,6.1584
6.79,5.78414
6.8,6.48506
6.81,8.36629
6.82,6.44804
6.83,6.1721
6.84,7.78946
6.85,6.71576
6.86,6.43998
6.87,9.18303
6.88,6.81587
6.89,5.99858
6.9,5.49413
6.91,7.47306
6.92,6.85119
6.93,5.34431
6.94,5.35015
6.95,6.8881
6.96,7.99215
6.97,7.30482
6.98,5.56361
6.99,5.7049
7,6.82528
7.01,7.19344
7.02,6.89469
7.03,5.4391
7.04,7.48358
7.05,5.21025
7.06,6.22724
7.07,7.78246
7.08,8.5996
7.09,6.31221
7.1,8.20609
7.11,6.79932
7.12,6.19598
7.13,6.14525
7.14,9.00053
7.15,7.2027
7.16,6.1069
7.17,8.58891
7.18,6.37824
7.19,8.11585
7.2,7.43277
7.21,5.91787
7.22,5.55654
7.23,6.43995
7.24,7.11143
7.25,7.60578
7.26,10.1365
7.27,6.39043
7.28,7.37136
7.29,6.73569
7.3,7.25437
7.31,4.91739
7.32,7.39755
7.33,7.97568
7.34,7.56277
7.35,7.5978
7.36,7.64991
7.37,6.25054
7.38,8.32923
7.39,6.58987
7.4,6.91845
7.41,8.69204
7.42,7.9592
7.43,6.29984
7.44,7.83583
7.45,7.01946
7.46,7.70068
7.47,7.19445
7.48,9.24828
7.49,6.52235
7.5,6.72669
7.51,6.3381
7.52,8.62201
7.53,7.37838
7.54,6.36395
7.55,7.00344
7.56,7.16714
7.57,7.17236
7.58,6.12797
7.59,8.12793
7.6,5.12243
7.61,7.89482
7.62,9.67082
7.63,7.00225
7.64,7.57513
7.65,7.99797
7.66,8.79143
7.67,5.68615
7.68,6.85216
7.69,6.55128
7.7,8.30443
7.71,7.56945
7.72,7.49993
7.73,9.95074
7.74,8.38049
7.75,8.80002
7.76,6.7459
7.77,6.53632
7.78,7.98627
7.79,7.37175
7.8,9.13852
7.81,7.87816
7.82,8.37603
7.83,6.74093
7.84,7.50151
7.85,8.54877
7.86,7.2906
7.87,7.95817
7.88,9.09693
7.89,7.86192
7.9,5.41999
7.91,8.77092
7.92,8.38421
7.93,8.73874
7.94,8.14685
7.95,7.45021
7.96,7.1404
7.97,7.97978
7.98,7.40259
7.99,9.88063
8,5.86901
8.01,8.15631
8.02,7.94798
8.03,8.2341
8.04,7.7164
8.05,7.65594
8.06,9.02727
8.07,9.04685
8.08,6.85934
8.09,8.77203
8.1,9.30668
8.11,6.88651
8.12,8.31533
8.13,9.41931
8.14,7.45705
8.15,7.3583
8.16,8.07987
8.17,8.3089
8.18,7.17123
8.19,8.54322
8.2,8.01271
8.21,7.50426
8.22,7.86536
8.23,6.02063
8.24,9.34649
8.25,8.09899
8.26,7.43821
8.27,9.78005
8.28,7.42244
8.29,7.56187
8.3,8.04264
8.31,9.07332
8.32,9.80214
8.33,8.98547
8.34,7.30467
8.35,7.72641
8.36,6.9066
8.37,8.48417
8.38,6.58728
8.39,10.0801
8.4,8.39959
8.41,7.90851
8.42,8.40074
8.43,9.22773
8.44,9.67123
8.45,7.8022
8.46,7.3907
8.47,10.2797
8.48,6.91348
8.49,8.94757
8.5,7.51936
8.51,8.56306
8.52,6.63627
8.53,8.14827
8.54,7.43652
8.55,8.91103
8.56,6.93528
8.57,7.36957
8.58,8.66853
8.59,7.91359
8.6,9.23697
8.61,8.75024
8.62,8.82091
8.63,8.30659
8.64,7.55041
8.65,9.0751
8.66,6.43071
8.67,9.1937
8.68,8.93029
8.69,7.10856
8.7,9.2085
8.71,7.72473
8.72,7.97845
8.73,7.93517
8.74,8.22237
8.75,8.18288
8.76,9.35343
8.77,10.1108
8.78,9.70043
8.79,7.37892
8.8,7.36043
8.81,9.62252
8.82,7.13834
8.83,8.56483
8.84,7.60897
8.85,8.98704
8.86,8.12043
8.87,9.05521
8.88,7.46284
8.89,8.12899
8.9,10.2942
8.91,10.3326
8.92,8.70746
8.93,9.0271
8.94,8.32577
8.95,8.24579
8.96,10.2395
8.97,9.22332
8.98,8.64512
8.99,10.7369
9,8.77738
9.01,10.92
9.02,8.11215
9.03,7.99006
9.04,9.01921
9.05,8.64246
9.06,9.2772
9.07,8.04176
9.08,8.44382
9.09,8.42259
9.1,8.48704
9.11,7.93008
9.12,10.7306
9.13,10.8128
9.14,9.78566
9.15,9.67544
9.16,8.76308
9.17,9.33903
9.18,9.42505
9.19,8.06662
9.2,10.551
9.21,9.02764
9.22,9.985
9.23,9.43816
9.24,9.42005
9.25,8.27223
9.26,9.11141
9.27,9.08157
9.28,9.4789
9.29,11.3573
9.3,8.57687
9.31,8.249
9.32,11.281
9.33,9.22117
9.34,6.81828
9.35,8.94836
9.36,8.74158
9.37,8.47599
9.38,8.92251
9.39,8.33751
9.4,10.1769
9.41,10.1295
9.42,8.25815
9.43,9.68361
9.44,12.5756
9.45,9.15819
9.46,8.94672
9.47,9.33905
9.48,8.91134
9.49,9.12341
9.5,11.3042
9.51,10.336
9.52,7.83312
9.53,10.6551
9.54,9.82482
9.55,10.2407
9.56,9.14826
9.57,9.05747
9.58,10.9588
9.59,7.33103
9.6,10.5435
9.61,7.6442
9.62,11.6943
9.63,9.73145
9.64,7.67399
9.65,9.20346
9.66,8.50399
9.67,8.81111
9.68,9.42417
9.69,9.11473
9.7,10.9264
9.71,9.52749
9.72,10.145
9.73,9.78563
9.74,10.6146
9.75,9.89415
9.76,10.9899
9.77,10.614
9.78,10.1936
9.79,10.3899
9.8,8.99673
9.81,11.1191
9.82,10.9348
9.83,9.59229
9.84,8.07692
9.85,11.547
9.86,8.17367
9.87,8.91335
9.88,9.3871
9.89,10.4285
9.9,9.67565
9.91,9.64652
9.92,10.3746
9.93,10.7552
9.94,10.0193
9.95,10.216
9.96,11.0964
9.97,10.2211
9.98,11.0251
9.99,11.3012
10,8.55993
10.01,10.27
10.02,8.39815
10.03,10.9382
10.04,10.7147
10.05,10.8064
10.06,10.5537
10.07,9.34183
10.08,11.2741
10.09,10.0545
10.1,9.81812
10.11,9.04931
10.12,11.6847
10.13,9.66711
10.14,8.26751
10.15,10.2996
10.16,8.80028
10.17,7.83937
10.18,11.4366
10.19,9.30015
10.2,10.2875
10.21,10.6766
10.22,10.2727
10.23,10.3132
10.24,11.1395
10.25,11.0463
10.26,11.2695
10.27,9.26612
10.28,10.2293
10.29,11.4743
10.3,12.1089
10.31,11.6763
10.32,8.71921
10.33,11.8608
10.34,10.8639
10.35,11.5637
10.36,9.97946
10.37,9.56718
10.38,12.1859
10.39,8.92347
10.4,9.30372
10.41,9.24006
10.42,10.025
10.43,8.99929
10.44,9.02903
10.45,11.0325
10.46,10.3763
10.47,10.2018
10.48,10.6747
10.49,9.54738
10.5,9.23372
10.51,10.4259
10.52,10.3683
10.53,8.49219
10.54,10.8443
10.55,9.84296
10.56,10.0422
10.57,12.762
10.58,10.142
10.59,9.55249
10.6,10.494
10.61,9.07545
10.62,10.199
10.63,10.8156
10.64,8.075
10.65,10.3985
10.66,11.7909
10.67,9.80922
10.68,10.6896
10.69,11.1405
10.7,9.2606
10.71,11.3256
10.72,10.726
10.73,10.923
10.74,9.91174
10.75,11.1933
10.76,10.83
10.77,11.0841
10.78,10.1755
10.79,9.30822
10.8,10.5353
10.81,12.4407
10.82,11.1494
10.83,11.8344
10.84,10.6984
10.85,11.642
10.86,11.3342
10.87,12.9496
10.88,10.5092
10.89,10.4773
10.9,12.232
10.91,10.63
10.92,11.6654
10.93,9.00439
10.94,8.94737
10.95,9.79827
10.96,10.0623
10.97,12.9676
10.98,11.7676
10.99,11.3087
11,12.4319
11.01,10.7854
11.02,11.3909
11.03,11.403
11.04,10.3311
11.05,12.3694
11.06,11.0455
11.07,8.43722
11.08,10.6655
11.09,11.8649
11.1,11.2707
11.11,10.7429
11.12,10.3557
11.13,12.0897
11.14,9.46372
11.15,11.8813
11.16,9.89893
11.17,12.1533
11.18,10.2991
11.19,10.9308
11.2,11.3849
11.21,12.7546
11.22,12.2466
11.23,11.6402
11.24,11.2102
11.25,9.94531
11.26,10.0834
11.27,11.2501
11.28,12.1621
11.29,10.3039
11.3,9.53757
11.31,10.5718
11.32,11.7299
11.33,11.026
11.34,11.8822
11.35,12.0509
11.36,13.3111
11.37,11.7243
11.38,9.59108
11.39,11.3827
11.4,10.0234
11.41,11.476
11.42,10.0871
11.43,12.4222
11.44,10.9652
11.45,12.7041
11.46,10.1951
11.47,10.8525
11.48,13.3016
11.49,12.2579
11.5,12.0578
11.51,11.2929
11.52,12.6961
11.53,12.2424
11.54,14.023
11.55,12.108
11.56,10.6033
11.57,10.9971
11.58,11.3369
11.59,11.6401
11.6,12.5418
11.61,11.2055
11.62,12.2697
11.63,12.3074
11.64,13.0251
11.65,11.8523
11.66,12.2091
11.67,11.2438
11.68,10.6594
11.69,11.4573
11.7,12.5249
11.71,10.4735
11.72,14.5757
11.73,12.3742
11.74,11.3979
11.75,9.66551
11.76,10.6784
11.77,13.6092
11.78,12.039
11.79,11.9493
11.8,10.3904
11.81,11.2815
11.82,10.3892
11.83,10.7951
11.84,12.8586
11.85,12.0064
11.86,12.2546
11.87,11.3501
11.88,11.6244
11.89,12.5479
11.9,11.8733
11.91,12.7583
11.92,11.2862
11.93,11.4676
11.94,14.2986
11.95,11.7983
11.96,13.2366
11.97,13.1817
11.98,11.0098
11.99,12.5179
12,12.4155
12.01,13.0071
12.02,13.6116
12.03,11.2693
12.04,12.0815
12.05,12.0106
12.06,10.8557
12.07,12.2278
12.08,11.7509
12.09,12.5779
12.1,12.3581
12.11,11.9729
12.12,13.041
12.13,11.1397
12.14,10.386
12.15,11.5819
12.16,11.8176
12.17,11.4742
12.18,12.3753
12.19,11.0647
12.2,12.6739
12.21,12.0437
12.22,12.6402
12.23,11.0483
12.24,12.9136
12.25,10.7405
12.26,11.1181
12.27,12.4742
12.28,10.3724
12.29,12.7875
12.3,13.0934
12.31,12.3967
12.32,13.9468
12.33,12.2447
12.34,13.0445
12.35,10.5553
12.36,12.1789
12.37,11.7102
12.38,10.7116
12.39,12.6299
12.4,13.5795
12.41,13.8083
12.42,11.1552
12.43,12.8355
12.44,12.04
12.45,12.074
12.46,12.4822
12.47,10.1311
12.48,11.8822
12.49,12.4879
12.5,13.0995
12.51,11.0948
12.52,12.373
12.53,10.6248
12.54,12.022
12.55,12.8759
12.56,13.6316
12.57,13.3756
12.58,11.9644
12.59,12.6202
12.6,13.9131
12.61,12.8489
12.62,13.328
12.63,10.8803
12.64,12.4357
12.65,12.1711
12.66,13.8407
12.67,13.2768
12.68,14.3511
12.69,12.9312
12.7,12.8138
12.71,11.7738
12.72,12.3797
12.73,12.581
12.74,13.9658
12.75,13.3987
12.76,14.0108
12.77,11.5729
12.78,13.2954
12.79,13.3993
12.8,11.6704
12.81,12.4647
12.82,12.4887
12.83,12.922
12.84,12.4867
12.85,13.1186
12.86,13.607
12.87,14.5785
12.88,12.3208
12.89,13.6403
12.9,14.1492
12.91,12.1983
12.92,12.1947
12.93,14.6558
12.94,11.3765
12.95,13.213
12.96,12.8483
12.97,13.0752
12.98,14.04
12.99,13.3068
13,13.0975
13.01,12.1914
13.02,12.9715
13.03,11.3332
13.04,13.775
13.05,12.8071
13.06,13.1707
13.07,13.7644
13.08,13.6976
13.09,13.2508
13.1,12.1723
13.11,13.1436
13.12,13.6689
13.13,14.8117
13.14,12.7443
13.15,12.8237
13.16,12.8341
13.17,14.3171
13.18,13.0065
13.19,14.2952
13.2,13.1406
13.21,15.8369
13.22,12.6293
13.23,11.0862
13.24,13.1891
13.25,13.5062
13.26,13.4268
13.27,11.9683
13.28,12.3759
13.29,14.8274
13.3,12.7528
13.31,14.2137
13.32,13.3546
13.33,12.871
13.34,13.3619
13.35,11.8966
13.36,13.6102
13.37,11.4995
13.38,11.4119
13.39,14.1173
13.4,13.7791
13.41,11.2757
13.42,12.2287
13.43,12.7785
13.44,12.6328
13.45,14.5476
13.46,12.6759
13.47,13.0784
13.48,13.112
13.49,12.9399
13.5,12.0106
13.51,16.8115
13.52,15.1798
13.53,13.9342
13.54,12.425
13.55,12.4912
13.56,14.0594
13.57,15.0184
13.58,14.012
13.59,13.5325
13.6,12.4413
13.61,13.3718
13.62,13.3073
13.63,15.3747
13.64,14.7933
13.65,13.5274
13.66,13.301
13.67,15.2484
13.68,13.6776
13.69,12.0606
13.7,14.027
13.71,15.4846
13.72,13.5519
13.73,12.6269
13.74,13.784
13.75,13.9436
13.76,12.5935
13.77,13.1902
13.78,14.6122
13.79,15.395
13.8,13.0984
13.81,13.1534
13.82,14.3981
13.83,13.569
13.84,13.5098
13.85,12.8919
13.86,15.2831
13.87,13.3507
13.88,13.6731
13.89,14.0516
13.9,14.3764
13.91,13.9458
13.92,10.9226
13.93,13.6155
13.94,12.8159
13.95,13.2847
13.96,14.2482
13.97,12.2648
13.98,14.2058
13.99,12.2649
14,14.3816
14.01,14.6919
14.02,15.0035
14.03,14.5696
14.04,12.9838
14.05,14.631
14.06,13.7766
14.07,13.5545
14.08,14.129
14.09,14.6749
14.1,14.1019
14.11,15.7805
14.12,13.5777
14.13,14.3617
14.14,15.3506
14.15,15.7107
14.16,13.3539
14.17,15.0523
14.18,15.5777
14.19,12.7965
14.2,14.2258
14.21,15.9941
14.22,14.7829
14.23,14.2223
14.24,13.7689
14.25,13.6545
14.26,16.6747
14.27,15.0633
14.28,15.4612
14.29,16.4372
14.3,14.3064
14.31,13.3713
14.32,13.7429
14.33,15.6457
14.34,14.9169
14.35,14.0523
14.36,12.8074
14.37,13.6199
14.38,13.7533
14.39,16.2512
14.4,14.4364
14.41,14.1267
14.42,14.6914
14.43,14.645
14.44,15.6226
14.45,14.3004
14.46,13.6489
14.47,15.5219
14.48,14.1496
14.49,12.6517
14.5,14.3891
14.51,14.2262
14.52,14.4457
14.53,15.2325
14.54,15.5337
14.55,13.4771
14.56,15.1135
14.57,13.674
14.58,12.7766
14.59,13.2835
14.6,16.0887
14.61,15.1354
14.62,15.1323
14.63,15.3636
14.64,15.3605
14.65,16.453
14.66,15.0369
14.67,14.7029
14.68,13.353
14.69,14.3513
14.7,16.5706
14.71,16.64
14.72,15.6508
14.73,13.2966
14.74,15.2584
14.75,13.2173
14.76,15.9768
14.77,13.5944
14.78,15.1135
14.79,15.1325
14.8,16.4779
14.81,12.9357
14.82,14.4759
14.83,15.2089
14.84,14.7615
14.85,14.2024
14.86,14.7989
14.87,15.0598
14.88,16.239
14.89,15.5516
14.9,14.9848
14.91,15.3461
14.92,14.6127
14.93,15.7836
14.94,14.7719
14.95,16.137
14.96,16.6953
14.97,14.7321
14.98,15.9409
14.99,14.9276
15,15.5669
15.01,15.1746
15.02,15.2374
15.03,14.9982
15.04,15.6514
15.05,15.2918
15.06,14.97
15.07,12.9157
15.08,13.653
15.09,14.0812
15.1,16.9278
15.11,15.5786
15.12,16.0519
15.13,15.8159
15.14,13.5074
15.15,14.6965
15.16,14.5222
15.17,16.2726
15.18,15.3374
15.19,17.1704
15.2,13.48
15.21,15.2035
15.22,14.3264
15.23,15.4938
15.24,16.4705
15.25,15.8169
15.26,14.4361
15.27,13.8048
15.28,16.0485
15.29,16.2875
15.3,14.8728
15.31,13.5391
15.32,15.3928
15.33,13.5998
15.34,15.2366
15.35,14.3272
15.36,16.1593
15.37,15.964
15.38,15.8543
15.39,15.9858
15.4,15.056
15.41,14.8093
15.42,16.1616
15.43,14.9137
15.44,14.7397
15.45,15.4217
15.46,15.4257
15.47,16.827
15.48,17.1262
15.49,17.223
15.5,15.516
15.51,16.2504
15.52,15.7786
15.53,14.1498
15.54,15.1827
15.55,17.288
15.56,15.3805
15.57,14.9643
15.58,15.9748
15.59,14.7134
15.6,15.2029
15.61,16.7295
15.62,13.6234
15.63,15.1334
15.64,14.8968
15.65,14.429
15.66,16.5085
15.67,14.6771
15.68,15.814
15.69,16.5925
15.7,15.0987
15.71,15.9459
15.72,15.4847
15.73,15.5903
15.74,14.6122
15.75,13.4447
15.76,14.9323
15.77,16.1861
15.78,16.138
15.79,16.3617
15.8,15.7748
15.81,14.8746
15.82,14.6152
15.83,17.4576
15.84,15.4435
15.85,15.3863
15.86,14.156
15.87,15.1776
15.88,15.6434
15.89,14.8149
15.9,15.7726
15.91,17.9437
15.92,15.1271
15.93,16.9189
15.94,14.9688
15.95,14.9262
15.96,15.8133
15.97,15.2181
15.98,16.5383
15.99,17.465
16,14.637
16.01,15.4958
16.02,16.0936
16.03,16.6269
16.04,16.8616
16.05,16.3861
16.06,16.8306
16.07,15.9758
16.08,15.508
16.09,17.3453
16.1,14.6119
16.11,15.3366
16.12,16.6811
16.13,14.2479
16.14,15.4544
16.15,15.9013
16.16,14.9933
16.17,16.2758
16.18,17.0414
16.19,16.9425
16.2,17.0689
16.21,15.4886
16.22,16.797
16.23,15.705
16.24,17.0235
16.25,19.2569
16.26,13.7968
16.27,16.14
16.28,15.2583
16.29,18.151
16.3,16.3931
16.31,16.357
16.32,15.3625
16.33,17.3027
16.34,15.7319
16.35,17.0445
16.36,15.6156
16.37,16.2251
16.38,15.8245
16.39,16.0562
16.4,14.7937
16.41,17.3253
16.42,17.5643
16.43,15.1364
16.44,15.7311
16.45,18.003
16.46,17.0607
16.47,16.1898
16.48,16.1623
16.49,16.7501
16.5,17.7357
16.51,17.7314
16.52,17.0715
16.53,16.8742
16.54,15.1216
16.55,14.3953
16.56,15.3605
16.57,14.782
16.58,17.2262
16.59,18.39
16.6,16.2974
16.61,16.4316
16.62,16.6448
16.63,16.3488
16.64,16.7396
16.65,16.7173
16.66,15.7764
16.67,17.4918
16.68,16.4708
16.69,17.109
16.7,15.932
16.71,16.4904
16.72,16.7181
16.73,19.0967
16.74,17.0851
16.75,16.5221
16.76,16.6011
16.77,16.7488
16.78,16.7978
16.79,15.4292
16.8,17.2339
16.81,15.5799
16.82,13.6351
16.83,15.1691
16.84,16.9872
16.85,15.3927
16.86,17.8112
16.87,17.5613
16.88,15.2755
16.89,18.3232
16.9,16.6075
16.91,16.1403
16.92,15.6236
16.93,16.5575
16.94,18.4332
16.95,17.3009
16.96,16.8262
16.97,17.0706
16.98,16.9804
16.99,16.9381
17,17.3638
17.01,17.5363
17.02,17.749
17.03,15.0976
17.04,17.5415
17.05,18.6753
17.06,17.0087
17.07,15.1155
17.08,17.4092
17.09,19.0439
17.1,17.2215
17.11,16.9272
17.12,15.4978
17.13,16.1858
17.14,16.3786
17.15,17.0403
17.16,17.3052
17.17,18.3432
17.18,17.1926
17.19,18.2822
17.2,17.7082
17.21,17.0962
17.22,19.3979
17.23,16.4919
17.24,18.2679
17.25,15.9119
17.26,15.837
17.27,19.2221
17.28,16.5396
17.29,17.7918
17.3,16.6352
17.31,19.6655
17.32,17.4563
17.33,17.0965
17.34,18.6233
17.35,17.4367
17.36,17.3838
17.37,15.8977
17.38,16.7062
17.39,18.1869
17.4,16.4863
17.41,19.2419
17.42,16.6921
17.43,16.9332
17.44,15.3322
17.45,17.8622
17.46,18.1229
17.47,17.1639
17.48,18.5437
17.49,18.2544
17.5,16.5463
17.51,18.1489
17.52,15.7578
17.53,19.3296
17.54,17.9637
17.55,18.0745
17.56,19.1968
17.57,19.2972
17.58,18.2115
17.59,15.6218
17.6,17.4611
17.61,17.3172
17.62,18.5514
17.63,15.3641
17.64,16.7331
17.65,18.1978
17.66,14.0766
17.67,19.2532
17.68,18.3429
17.69,18.0774
17.7,19.4586
17.71,17.5269
17.72,18.2082
17.73,17.8885
17.74,16.8795
17.75,16.9984
17.76,17.8105
17.77,18.9038
17.78,18.1507
17.79,19.2162
17.8,17.2798
17.81,18.1068
17.82,18.5045
17.83,18.3359
17.84,20.4628
17.85,18.1952
17.86,17.2803
17.87,19.1456
17.88,15.2411
17.89,17.1855
17.9,19.1444
17.91,16.8909
17.92,16.8357
17.93,17.9426
17.94,18.1178
17.95,18.6221
17.96,19.1131
17.97,17.4165
17.98,17.3629
17.99,19.7089
18,18.0775
18.01,18.5698
18.02,17.6163
18.03,14.765
18.04,17.6945
18.05,19.1286
18.06,17.5087
18.07,18.4963
18.08,17.5346
18.09,17.7668
18.1,18.0649
18.11,17.6293
18.12,19.4441
18.13,18.8864
18.14,18.4799
18.15,18.342
18.16,16.932
18.17,19.6476
18.18,18.6456
18.19,17.3332
18.2,16.4867
18.21,16.9147
18.22,17.49
18.23,17.9503
18.24,18.5243
18.25,19.9998
18.26,19.1206
18.27,18.6125
18.28,19.3016
18.29,19.0568
18.3,18.228
18.31,16.8168
18.32,19.3015
18.33,19.386
18.34,16.89
18.35,18.872
18.36,20.2271
18.37,18.8863
18.38,20.6649
18.39,20.4357
18.4,17.3985
18.41,19.493
18.42,19.0148
18.43,18.5997
18.44,18.9212
18.45,17.5202
18.46,17.4218
18.47,16.2772
18.48,18.9796
18.49,19.4904
18.5,17.4334
18.51,18.9104
18.52,19.5687
18.53,17.9022
18.54,19.1627
18.55,18.704
18.56,19.2775
18.57,20.3404
18.58,17.4
18.59,17.491
18.6,19.7882
18.61,16.2419
18.62,18.5362
18.63,19.2405
18.64,19.0433
18.65,18.6014
18.66,18.9189
18.67,20.5558
18.68,20.0366
18.69,18.4992
18.7,17.5739
18.71,17.3664
18.72,17.6862
18.73,19.8153
18.74,18.7661
18.75,18.3627
18.76,20.3454
18.77,18.6302
18.78,18.4231
18.79,20.1175
18.8,18.5255
18.81,19.9771
18.82,18.8396
18.83,17.5248
18.84,20.0606
18.85,19.3388
18.86,19.7214
18.87,19.5013
18.88,19.3388
18.89,19.2869
18.9,18.6504
18.91,18.0421
18.92,18.8629
18.93,18.5773
18.94,18.5324
18.95,18.1794
18.96,18.8526
18.97,20.7635
18.98,18.0897
18.99,18.0531
19,17.2705
19.01,19.4149
19.02,20.1463
19.03,19.4909
19.04,19.1651
19.05,19.2467
19.06,19.6282
19.07,18.3275
19.08,19.4557
19.09,18.3951
19.1,18.4892
19.11,19.2936
19.12,19.318
19.13,17.7313
19.14,19.5826
19.15,17.8649
19.16,19.4721
19.17,20.8657
19.18,19.3679
19.19,18.2654
19.2,20.3866
19.21,20.0551
19.22,21.0999
19.23,20.1865
19.24,18.4811
19.25,18.854
19.26,19.4074
19.27,20.0234
19.28,21.4867
19.29,19.5242
19.3,18.9329
19.31,20.5877
19.32,19.8733
19.33,19.5894
19.34,18.3476
19.35,19.923
19.36,18.6796
19.37,19.8389
19.38,21.1656
19.39,19.857
19.4,17.7729
19.41,18.0305
19.42,18.668
19.43,18.7997
19.44,20.5499
19.45,19.7418
19.46,20.631
19.47,18.4383
19.48,17.9645
19.49,21.2946
19.5,19.565
19.51,20.6955
19.52,21.2167
19.53,16.4926
19.54,18.5218
19.55,18.3132
19.56,18.1687
19.57,18.8754
19.58,19.6642
19.59,19.9829
19.6,18.9707
19.61,20.6282
19.62,20.3563
19.63,18.9105
19.64,19.4398
19.65,20.5572
19.66,18.8572
19.67,17.7862
19.68,19.4155
19.69,18.9597
19.7,19.6676
19.71,18.7372
19.72,18.3803
19.73,19.7728
19.74,20.7959
19.75,20.2789
19.76,18.7988
19.77,19.9398
19.78,19.6489
19.79,20.155
19.8,20.7586
19.81,20.1529
19.82,20.8264
19.83,21.191
19.84,19.0325
19.85,20.7658
19.86,20.2833
19.87,21.4572
19.88,17.5998
19.89,21.6823
19.9,21.1154
19.91,18.336
19.92,20.9275
19.93,19.7695
19.94,20.7709
19.95,22.4276
19.96,18.8374
19.97,20.3668
19.98,20.7549
19.99,19.1324
20,18.9745
20.01,20.5902
20.02,18.9338
20.03,20.3876
20.04,19.1807
20.05,19.2665
20.06,20.5746
20.07,21.7943
20.08,20.5778
20.09,19.7221
20.1,21.8118
20.11,22.5623
20.12,19.7022
20.13,19.2279
20.14,21.4444
20.15,21.1747
20.16,22.3885
20.17,20.2582
20.18,18.8542
20.19,20.0007
20.2,20.9008
20.21,18.7928
20.22,19.8405
20.23,19.8971
20.24,22.2104
20.25,18.0546
20.26,19.8638
20.27,20.4857
20.28,20.2691
20.29,19.7445
20.3,19.6942
20.31,19.8859
20.32,18.8357
20.33,19.8429
20.34,19.4057
20.35,19.8984
20.36,19.4227
20.37,21.3752
20.38,20.2688
20.39,21.4039
20.4,21.0563
20.41,18.1957
20.42,19.8292
20.43,19.5562
20.44,20.3855
20.45,21.4613
20.46,20.2604
20.47,19.5415
20.48,19.794
20.49,19.4684
20.5,20.0467
20.51,21.4846
20.52,21.6267
20.53,19.0189
20.54,20.2098
20.55,19.9296
20.56,21.2949
20.57,21.3271
20.58,19.6505
20.59,19.9738
20.6,19.8153
20.61,20.7829
20.62,19.5274
20.63,19.5207
20.64,20.7662
20.65,20.7023
20.66,19.8259
20.67,18.8745
20.68,20.5041
20.69,22.1899
20.7,20.9526
20.71,19.9123
20.72,23.9253
20.73,21.2751
20.74,22.6805
20.75,23.5456
20.76,21.2587
20.77,20.2556
20.78,20.2244
20.79,22.0925
20.8,20.5814
20.81,22.4887
20.82,21.1237
20.83,20.6697
20.84,20.8503
20.85,21.3288
20.86,18.2367
20.87,19.5503
20.88,21.9925
20.89,21.0868
20.9,22.0008
20.91,22.8567
20.92,21.7557
20.93,22.2515
20.94,19.0843
20.95,19.8191
20.96,20.4894
20.97,19.6946
20.98,21.1408
20.99,19.5359
21,21.4886
21.01,20.7195
21.02,20.1667
21.03,21.2305
21.04,22.0825
21.05,22.2634
21.06,21.9111
21.07,21.1482
21.08,22.2596
21.09,19.0515
21.1,21.028
21.11,20.9281
21.12,22.5949
21.13,20.5198
21.14,21.8857
21.15,20.4254
21.16,20.8752
21.17,20.5499
21.18,21.5536
21.19,20.1392
21.2,21.913
21.21,21.3062
21.22,21.5759
21.23,19.6973
21.24,20.7111
21.25,21.4237
21.26,22.4944
21.27,22.8273
21.28,20.5506
21.29,19.3829
21.3,22.0161
21.31,21.6705
21.32,19.4589
21.33,21.6
21.34,20.1593
21.35,21.0703
21.36,21.8651
21.37,20.7691
21.38,21.396
21.39,21.3947
21.4,22.4618
21.41,20.6088
21.42,22.1907
21.43,20.9051
21.44,21.1438
21.45,23.8575
21.46,19.0693
21.47,21.791
21.48,20.7981
21.49,23.057
21.5,19.8876
21.51,22.3017
21.52,20.5636
21.53,21.9621
21.54,20.0367
21.55,21.053
21.56,22.5597
21.57,22.6149
21.58,20.6106
21.59,20.492
21.6,23.8379
21.61,22.0136
21.62,21.9645
21.63,20.3159
21.64,22.0406
21.65,19.5792
21.66,20.3136
21.67,20.6502
21.68,20.8538
21.69,22.3799
21.7,20.1571
21.71,22.229
21.72,20.3875
21.73,23.5256
21.74,20.8415
21.75,21.9927
21.76,20.6246
21.77,22.5619
21.78,21.7524
21.79,21.2807
21.8,21.4442
21.81,22.7557
21.82,21.3185
21.83,21.6296
21.84,20.3226
21.85,20.284
21.86,21.8384
21.87,22.2094
21.88,21.5715
21.89,22.0889
21.9,20.2055
21.91,22.2364
21.92,22.5777
21.93,21.85
21.94,23.2325
21.95,22.328
21.96,21.1482
21.97,22.0469
21.98,23.095
21.99,22.3765
22,21.7373
22.01,22.2177
22.02,22.1494
22.03,21.4887
22.04,21.2323
22.05,22.9321
22.06,23.0644
22.07,22.2324
22.08,21.5276
22.09,22.843
22.1,21.6317
22.11,21.947
22.12,22.8936
22.13,23.1261
22.14,20.9978
22.15,22.7198
22.16,21.8867
22.17,21.4683
22.18,22.3957
22.19,23.7863
22.2,21.0342
22.21,22.0341
22.22,22.2798
22.23,22.2853
22.24,22.423
22.25,22.8356
22.26,22.8287
22.27,21.6833
22.28,22.2973
22.29,20.03
22.3,22.1777
22.31,22.4214
22.32,23.4278
22.33,22.5873
22.34,21.8144
22.35,21.0242
22.36,21.2839
22.37,24.2042
22.38,22.0898
22.39,21.3582
22.4,22.2661
22.41,20.8767
22.42,21.1116
22.43,22.2258
22.44,22.5158
22.45,21.9392
22.46,22.8812
22.47,22.6235
22.48,22.4979
22.49,24.2009
22.5,21.0171
22.51,23.6027
22.52,23.6435
22.53,21.5254
22.54,22.9028
22.55,22.3023
22.56,23.4403
22.57,22.8322
22.58,23.7388
22.59,21.7621
22.6,22.8068
22.61,22.8143
22.62,20.9647
22.63,21.8405
22.64,22.5801
22.65,24.3851
22.66,20.8949
22.67,22.9634
22.68,22.9625
22.69,21.4903
22.7,23.4578
22.71,23.0726
22.72,23.3201
22.73,20.5054
22.74,23.7934
22.75,23.0544
22.76,22.5195
22.77,21.1607
22.78,22.3227
22.79,23.0017
22.8,21.7508
22.81,23.5004
22.82,23.8325
22.83,24.5453
22.84,23.9379
22.85,23.2537
22.86,21.854
22.87,25.3647
22.88,22.7712
22.89,22.0512
22.9,23.5676
22.91,21.9433
22.92,22.9156
22.93,22.4403
22.94,22.2319
22.95,23.6295
22.96,22.4772
22.97,22.3379
22.98,22.9681
22.99,24.0043
23,22.5605
23.01,23.0872
23.02,22.068
23.03,24.1873
23.04,23.6976
23.05,22.399
23.06,25.251
23.07,24.209
23.08,22.642
23.09,21.737
23.1,21.5969
23.11,22.7926
23.12,24.2195
23.13,20.9875
23.14,23.4245
23.15,23.9174
23.16,24.1948
23.17,22.9046
23.18,23.9558
23.19,23.7078
23.2,23.4428
23.21,21.1308
23.22,24.9119
23.23,22.1695
23.24,23.7662
23.25,21.5951
23.26,23.5583
23.27,22.3267
23.28,22.8457
23.29,23.2111
23.3,22.4698
23.31,24.384
23.32,22.7219
23.33,22.9564
23.34,21.6162
23.35,23.8069
23.36,24.0407
23.37,23.2953
23.38,22.5125
23.39,24.3342
23.4,23.9825
23.41,23.6502
23.42,22.0129
23.43,22.9972
23.44,23.8962
23.45,25.4152
23.46,22.6861
23.47,23.6335
23.48,22.0421
23.49,23.6977
23.5,21.7585
23.51,23.0022
23.52,24.7966
23.53,22.1454
23.54,23.8452
23.55,23.4337
23.56,23.449
23.57,23.1645
23.58,23.5276
23.59,20.8669
23.6,22.2386
23.61,24.6718
23.62,23.1068
23.63,24.8911
23.64,24.1676
23.65,24.905
23.66,24.89
23.67,24.2931
23.68,23.4915
23.69,24.2474
23.7,23.8604
23.71,23.4354
23.72,24.3012
23.73,24.0697
23.74,24.9326
23.75,24.2174
23.76,24.1803
23.77,22.588
23.78,25.1093
23.79,24.6845
23.8,24.1179
23.81,24
23.82,23.0772
23.83,22.9074
23.84,24.2185
23.85,24.8198
23.86,24.1047
23.87,22.382
23.88,24.7532
23.89,24.492
23.9,24.3665
23.91,24.59
23.92,23.0478
23.93,23.8794
23.94,24.6773
23.95,25.1593
23.96,23.9999
23.97,24.7826
23.98,23.5334
23.99,22.4034
24,24.4503
24.01,23.7698
24.02,25.3206
24.03,22.0443
24.04,23.1302
24.05,24.9444
24.06,24.2445
24.07,24.2711
24.08,23.201
24.09,25.3444
24.1,23.3809
24.11,24.9199
24.12,23.088
24.13,24.127
24.14,25.2676
24.15,23.7013
24.16,24.2838
24.17,24.4778
24.18,23.6049
24.19,23.1079
24.2,25.8878
24.21,24.3275
24.22,23.2756
24.23,24.661
24.24,25.4412
24.25,24.9461
24.26,24.36
24.27,25.4041
24.28,24.9563
24.29,25.4566
24.3,24.7453
24.31,23.7395
24.32,25.4384
24.33,23.2937
24.34,23.6234
24.35,25.7127
24.36,23.7147
24.37,25.497
24.38,23.9935
24.39,24.9089
24.4,25.575
24.41,26.0882
24.42,24.6999
24.43,26.335
24.44,24.9713
24.45,24.0415
24.46,24.0412
24.47,23.4222
24.48,24.1926
24.49,22.3662
24.5,22.8624
24.51,22.7591
24.52,25.4854
24.53,24.5575
24.54,25.5873
24.55,23.2132
24.56,25.7428
24.57,23.5457
24.58,24.3136
24.59,24.1407
24.6,24.5317
24.61,25.2821
24.62,24.9883
24.63,24.1232
24.64,24.3601
24.65,23.5509
24.66,26.1362
24.67,24.801
24.68,24.7636
24.69,25.9691
24.7,26.2512
24.71,24.7791
24.72,23.758
24.73,23.1682
24.74,22.9349
24.75,25.7622
24.76,25.0614
24.77,25.034
24.78,25.539
24.79,24.7741
24.8,25.0013
24.81,24.3819
24.82,24.5088
24.83,24.2408
24.84,24.4113
24.85,23.693
24.86,24.4005
24.87,25.0393
24.88,25.9858
24.89,23.5729
24.9,25.46
24.91,24.5785
24.92,25.3001
24.93,25.7162
24.94,25.6051
24.95,24.6851
24.96,24.6709
24.97,25.6831
24.98,23.3988
24.99,24.9125
25,23.9021
25.01,24.8746
25.02,24.9899
25.03,24.0717
25.04,23.4619
25.05,24.6967
25.06,24.8608
25.07,26.2942
25.08,25.8661
25.09,25.9518
25.1,24.1131
25.11,26.0978
25.12,24.2889
25.13,24.6641
25.14,24.4887
25.15,24.9937
25.16,26.0184
25.17,26.0554
25.18,27.6408
25.19,26.916
25.2,25.9845
25.21,24.3483
25.22,24.8093
25.23,24.8007
25.24,24.9115
25.25,24.8504
25.26,23.7934
25.27,24.7128
25.28,24.5993
25.29,26.8112
25.3,25.4927
25.31,26.0116
25.32,24.9433
25.33,25.3522
25.34,24.024
25.35,25.5942
25.36,25.1569
25.37,23.8258
25.38,23.9304
25.39,25.8713
25.4,26.9056
25.41,27.2072
25.42,25.5746
25.43,24.5446
25.44,29.2336
25.45,25.0199
25.46,25.5642
25.47,25.5107
25.48,23.1412
25.49,26.074
25.5,25.3368
25.51,25.66
25.52,26.1247
25.53,26.6187
25.54,25.9743
25.55,24.3684
25.56,26.7129
25.57,25.3314
25.58,23.7948
25.59,23.7488
25.6,27.0001
25.61,25.9191
25.62,25.4919
25.63,25.2636
25.64,25.9154
25.65,25.9238
25.66,25.3595
25.67,26.078
25.68,24.5185
25.69,26.1191
25.7,25.7452
25.71,26.6475
25.72,26.0956
25.73,25.9439
25.74,25.3095
25.75,25.6492
25.76,26.5728
25.77,28.0098
25.78,25.2947
25.79,24.3704
25.8,28.4591
25.81,25.9774
25.82,27.5777
25.83,26.6459
25.84,25.6247
25.85,27.1237
25.86,26.3171
25.87,26.2959
25.88,25.9553
25.89,25.492
25.9,26.0371
25.91,27.5414
25.92,25.0841
25.93,25.8427
25.94,26.9232
25.95,26.2483
25.96,26.3161
25.97,24.9083
25.98,26.8486
25.99,27.3716
26,25.4894
26.01,27.7323
26.02,26.9934
26.03,25.9512
26.04,25.909
26.05,25.7355
26.06,28.2441
26.07,26.1878
26.08,26.6208
26.09,24.5556
26.1,25.2381
26.11,26.7434
26.12,25.9269
26.13,25.4807
26.14,26.9905
26.15,26.3292
26.16,26.4344
26.17,24.7872
26.18,26.0305
26.19,27.7137
26.2,25.3204
26.21,27.5028
26.22,25.3013
26.23,25.0983
26.24,26.4125
26.25,28.3649
26.26,26.6182
26.27,26.8154
26.28,25.9527
26.29,25.8478
26.3,26.6884
26.31,24.6273
26.32,25.2576
26.33,27.163
26.34,26.3475
26.35,25.5414
26.36,24.5743
26.37,27.9498
26.38,27.0937
26.39,27.5134
26.4,26.8709
26.41,25.1708
26.42,26.2634
26.43,27.5047
26.44,26.176
26.45,25.8948
26.46,26.5618
26.47,28.1024
26.48,26.1692
26.49,26.8068
26.5,25.8068
26.51,25.2385
26.52,24.9176
26.53,25.6103
26.54,25.7625
26.55,26.326
26.56,27.0387
26.57,26.4792
26.58,26.8301
26.59,25.7228
26.6,24.87
26.61,26.1895
26.62,27.3157
26.63,28.3462
26.64,26.8715
26.65,27.2656
26.66,25.4057
26.67,27.4464
26.68,25.9067
26.69,27.1024
26.7,26.9531
26.71,26.5083
26.72,27.0299
26.73,26.2508
26.74,27.0859
26.75,27.9682
26.76,27.8799
26.77,27.6483
26.78,27.3217
26.79,24.1475
26.8,26.3955
26.81,26.4196
26.82,27.4728
26.83,26.6536
26.84,27.0591
26.85,27.2178
26.86,27.0504
26.87,26.204
26.88,25.8981
26.89,27.1385
26.9,26.1002
26.91,27.0906
26.92,27.4367
26.93,26.2241
26.94,26.7091
26.95,28.1253
26.96,26.6443
26.97,28.1267
26.98,27.7339
26.99,26.7961
27,26.3413
27.01,29.2628
27.02,26.9272
27.03,28.3464
27.04,26.0846
27.05,28.2484
27.06,28.3769
27.07,26.9266
27.08,27.1433
27.09,26.7909
27.1,27.347
27.11,26.6522
27.12,28.4755
27.13,26.0537
27.14,26.3118
27.15,25.4314
27.16,27.1418
27.17,29.6916
27.18,26.5052
27.19,26.3356
27.2,27.5774
27.21,27.2196
27.22,28.6962
27.23,26.0881
27.24,26.0353
27.25,27.1274
27.26,28.9509
27.27,26.716
27.28,26.0721
27.29,26.2459
27.3,28.3725
27.31,27.9046
27.32,27.8315
27.33,28.564
27.34,25.8664
27.35,27.0524
27.36,26.7508
27.37,27.5542
27.38,28.0883
27.39,26.5069
27.4,27.9223
27.41,27.2265
27.42,25.798
27.43,29.5142
27.44,26.5517
27.45,29.5753
27.46,26.7688
27.47,27.7991
27.48,29.2432
27.49,27.2609
27.5,27.8183
27.51,28.3545
27.52,28.0687
27.53,28.4879
27.54,29.8489
27.55,28.252
27.56,27.4653
27.57,26.3616
27.58,28.7389
27.59,27.3827
27.6,28.913
27.61,28.9974
27.62,29.03
27.63,26.4708
27.64,29.4853
27.65,27.1505
27.66,27.8715
27.67,26.3033
27.68,28.6674
27.69,27.5086
27.7,25.1851
27.71,28.7274
27.72,28.01
27.73,29.5503
27.74,27.1175
27.75,27.4763
27.76,29.7713
27.77,27.36
27.78,26.8909
27.79,29.0496
27.8,27.8217
27.81,27.8345
27.82,28.3581
27.83,26.7145
27.84,27.5716
27.85,29.6184
27.86,27.542
27.87,26.7286
27.88,28.1618
27.89,28.7365
27.9,27.7749
27.91,27.291
27.92,28.9845
27.93,28.1344
27.94,27.375
27.95,28.619
27.96,28.7494
27.97,28.5149
27.98,28.8058
27.99,27.9433
28,27.7077
28.01,30.6484
28.02,28.7053
28.03,25.4133
28.04,25.882
28.05,26.8415
28.06,27.981
28.07,25.8742
28.08,29.0497
28.09,29.4035
28.1,29.2445
28.11,29.0257
28.12,29.5644
28.13,28.9358
28.14,27.9567
28.15,27.0378
28.16,26.1452
28.17,27.8692
28.18,27.6971
28.19,27.0999
28.2,27.5315
28.21,28.5627
28.22,28.3635
28.23,26.286
28.24,27.5844
28.25,27.6643
28.26,28.2714
28.27,27.4733
28.28,25.8193
28.29,27.3415
28.3,29.1558
28.31,29.278
28.32,27.7468
28.33,26.7671
28.34,29.2538
28.35,28.9399
28.36,27.5788
28.37,29.0076
28.38,30.426
28.39,28.424
28.4,27.0452
28.41,27.7749
28.42,28.3443
28.43,28.6182
28.44,29.7664
28.45,29.1126
28.46,27.3871
28.47,27.8146
28.48,26.5229
28.49,28.24
28.5,28.8087
28.51,28.8597
28.52,30.1413
28.53,27.6269
28.54,29.0028
28.55,30.4899
28.56,29.4178
28.57,28.22
28.58,28.0816
28.59,29.1335
28.6,27.6574
28.61,27.408
28.62,29.837
28.63,27.5234
28.64,30.5754
28.65,29.4156
28.66,30.4898
28.67,28.785
28.68,26.6709
28.69,27.2029
28.7,29.5387
28.71,27.5462
28.72,28.521
28.73,29.3571
28.74,27.9872
28.75,29.8458
28.76,29.5614
28.77,28.8911
28.78,28.3223
28.79,30.3273
28.8,27.9288
28.81,28.64
28.82,26.8967
28.83,28.7547
28.84,29.3644
28.85,28.3845
28.86,29.2422
28.87,27.3779
28.88,29.7679
28.89,28.7951
28.9,29.1408
28.91,28.6145
28.92,28.1608
28.93,28.1156
28.94,27.6311
28.95,28.0103
28.96,28.017
28.97,31.7549
28.98,28.9497
28.99,30.2853
29,28.8478
29.01,27.8163
29.02,28.5498
29.03,29.0419
29.04,28.5027
29.05,30.0868
29.06,28.0001
29.07,29.0307
29.08,30.1803
29.09,29.4456
29.1,30.4457
29.11,28.6026
29.12,29.8143
29.13,30.5872
29.14,29.3564
29.15,29.5052
29.16,30.7722
29.17,28.4434
29.18,27.4584
29.19,28.6708
29.2,29.4836
29.21,27.9637
29.22,28.9309
29.23,27.977
29.24,30.3535
29.25,29.9426
29.26,29.8467
29.27,28.5107
29.28,29.8163
29.29,29.0677
29.3,29.5231
29.31,28.0401
29.32,29.35
29.33,29.4872
29.34,28.4774
29.35,29.0675
29.36,28.1016
29.37,29.2901
29.38,31.252
29.39,29.0686
29.4,30.5671
29.41,28.2836
29.42,28.7562
29.43,29.0216
29.44,28.7941
29.45,29.8592
29.46,30.6423
29.47,29.8683
29.48,28.8184
29.49,29.9973
29.5,31.0901
29.51,28.9573
29.52,29.7734
29.53,28.9783
29.54,28.7062
29.55,29.2213
29.56,31.2796
29.57,29.0405
29.58,29.3616
29.59,31.3657
29.6,29.2624
29.61,28.2777
29.62,29.3866
29.63,30.2957
29.64,28.8538
29.65,30.1277
29.66,29.7756
29.67,28.5111
29.68,29.5467
29.69,29.1184
29.7,29.1668
29.71,29.9419
29.72,30.1219
29.73,30.3853
29.74,30.111
29.75,32.07
29.76,28.5985
29.77,31.7819
29.78,30.1206
29.79,29.1559
29.8,29.1107
29.81,30.0444
29.82,30.3791
29.83,30.3944
29.84,30.5433
29.85,30.3543
29.86,26.7721
29.87,28.9298
29.88,28.3285
29.89,27.9743
29.9,29.8041
29.91,29.721
29.92,29.7051
29.93,30.2206
29.94,32.207
29.95,29.4083
29.96,27.4619
29.97,30.2016
29.98,30.7835
29.99,29.3304
30,30.8631
30.01,30.7979
30.02,28.747
30.03,31.1258
30.04,29.9695
30.05,27.996
30.06,28.9308
30.07,29.6373
30.08,29.3085
30.09,30.5608
30.1,30.402
30.11,31.3018
30.12,31.2038
30.13,30.367
30.14,32.1585
30.15,29.8701
30.16,30.4654
30.17,30.3316
30.18,30.9759
30.19,29.1055
30.2,28.1939
30.21,29.9281
30.22,29.3445
30.23,30.7959
30.24,28.495
30.25,30.4987
30.26,30.8799
30.27,32.1573
30.28,29.6979
30.29,29.5718
30.3,30.7795
30.31,31.0758
30.32,30.9684
30.33,30.1832
30.34,29.6045
30.35,29.3708
30.36,29.5913
30.37,29.4124
30.38,30.9907
30.39,30.3768
30.4,29.8361
30.41,32.5667
30.42,30.9264
30.43,30.8553
30.44,29.7702
30.45,29.6799
30.46,32.3772
30.47,31.6493
30.48,30.9341
30.49,29.4732
30.5,31.4744
30.51,30.5054
30.52,29.1017
30.53,30.1643
30.54,29.882
30.55,31.2863
30.56,32.4586
30.57,30.584
30.58,30.334
30.59,31.9016
30.6,30.4536
30.61,30.0956
30.62,32.1388
30.63,31.5214
30.64,31.6954
30.65,28.769
30.66,29.0475
30.67,29.4828
30.68,31.3581
30.69,30.8379
30.7,31.3985
30.71,31.7548
30.72,33.0448
30.73,32.723
30.74,30.3289
30.75,30.2449
30.76,31.1211
30.77,31.039
30.78,31.0904
30.79,30.6597
30.8,29.9316
30.81,32.4486
30.82,30.2042
30.83,31.8529
30.84,30.9945
30.85,32.2836
30.86,31.0828
30.87,31.141
30.88,31.3658
30.89,31.5224
30.9,30.6826
30.91,31.08
30.92,31.2466
30.93,31.6787
30.94,31.1858
30.95,31.3633
30.96,29.9379
30.97,29.8425
30.98,30.5063
30.99,31.3532
31,29.744
31.01,32.359
31.02,31.9967
31.03,31.3187
31.04,32.4998
31.05,30.6261
31.06,31.7275
31.07,30.2654
31.08,32.8138
31.09,32.1419
31.1,30.6469
31.11,29.315
31.12,29.8445
31.13,31.4052
31.14,29.355
31.15,31.6709
31.16,31.1482
31.17,31.4113
31.18,30.3026
31.19,32.8206
31.2,31.7113
31.21,30.7492
31.22,33.1145
31.23,31.0915
31.24,31.4865
31.25,30.8069
31.26,31.6037
31.27,30.4638
31.28,33.7329
31.29,32.3785
31.3,30.9216
31.31,32.9969
31.32,30.0496
31.33,31.5482
31.34,31.4739
31.35,31.0394
31.36,30.6921
31.37,30.0823
31.38,31.3131
31.39,30.7574
31.4,31.596
31.41,31.6486
31.42,31.9784
31.43,31.5542
31.44,32.4025
31.45,30.0726
31.46,31.6161
31.47,33.4228
31.48,33.2873
31.49,32.8642
31.5,30.4638
31.51,31.0884
31.52,31.2114
31.53,32.269
31.54,30.315
31.55,29.8415
31.56,32.2279
31.57,31.3967
31.58,31.8091
31.59,33.7226
31.6,30.929
31.61,30.9879
31.62,31.2619
31.63,30.512
31.64,31.1145
31.65,32.0511
31.66,30.6188
31.67,31.1234
31.68,32.8438
31.69,31.6682
31.7,30.3616
31.71,30.9867
31.72,29.815
31.73,32.4384
31.74,31.8795
31.75,32.2593
31.76,33.7954
31.77,32.1537
31.78,31.3369
31.79,33.3275
31.8,31.7703
31.81,31.8531
31.82,32.19
31.83,31.0686
31.84,32.8485
31.85,31.022
31.86,31.7024
31.87,32.6467
31.88,31.1936
31.89,31.7739
31.9,33.1199
31.91,33.3598
31.92,31.4422
31.93,33.1467
31.94,30.1362
31.95,31.6407
31.96,32.7452
31.97,31.8212
31.98,29.8522
31.99,30.463
32,32.1714
32.01,33.0149
32.02,32.3011
32.03,32.2405
32.04,31.3352
32.05,30.8629
32.06,31.8422
32.07,32.7521
32.08,32.4431
32.09,31.8663
32.1,31.8453
32.11,31.9479
32.12,31.8064
32.13,31.2497
32.14,32.153
32.15,30.0032
32.16,30.5181
32.17,31.4939
32.18,32.0269
32.19,30.6927
32.2,32.7275
32.21,31.1686
32.22,31.8943
32.23,30.8055
32.24,33.1527
32.25,32.8972
32.26,32.7336
32.27,32.3915
32.28,32.7608
32.29,34.1619
32.3,34.1098
32.31,30.9505
32.32,32.899
32.33,34.6818
32.34,32.8587
32.35,30.0966
32.36,32.2252
32.37,31.1561
32.38,32.33
32.39,31.4247
32.4,32.5901
32.41,31.0256
32.42,31.1848
32.43,32.2541
32.44,31.7848
32.45,32.9454
32.46,32.101
32.47,30.6538
32.48,32.6768
32.49,31.7185
32.5,31.9198
32.51,31.9667
32.52,33.2851
32.53,32.3558
32.54,32.0697
32.55,31.8314
32.56,32.8033
32.57,33.2133
32.58,34.6744
32.59,31.8593
32.6,32.6843
32.61,32.0464
32.62,33.7292
32.63,32.8133
32.64,33.8108
32.65,31.2071
32.66,31.4305
32.67,32.8162
32.68,31.9667
32.69,32.5737
32.7,32.6007
32.71,32.1321
32.72,32.4523
32.73,31.1913
32.74,33.1422
32.75,32.6938
32.76,32.7562
32.77,32.374
32.78,32.0958
32.79,31.2518
32.8,33.4784
32.81,31.3804
32.82,32.2933
32.83,33.1622
32.84,34.2263
32.85,32.9937
32.86,30.4
32.87,31.0733
32.88,31.8516
32.89,34.1163
32.9,32.2608
32.91,32.5617
32.92,33.0027
32.93,31.9981
32.94,30.5355
32.95,32.6785
32.96,32.9739
32.97,34.8678
32.98,31.7144
32.99,34.2326
33,33.7617
33.01,33.0639
33.02,33.4842
33.03,34.3422
33.04,33.172
33.05,32.9769
33.06,32.8593
33.07,32.2539
33.08,33.7766
33.09,32.7886
33.1,32.831
33.11,32.1541
33.12,33.8608
33.13,33.5108
33.14,30.5948
33.15,31.9145
33.16,32.9716
33.17,34.058
33.18,34.8871
33.19,32.7243
33.2,34.6789
33.21,34.4063
33.22,33.0346
33.23,32.763
33.24,33.7279
33.25,31.7344
33.26,33.4758
33.27,32.2028
33.28,33.9727
33.29,32.7436
33.3,31.3135
33.31,33.2846
33.32,33.0196
33.33,32.5081
33.34,34.8548
33.35,34.3747
33.36,34.5941
33.37,32.5674
33.38,34.0605
33.39,32.8641
33.4,34.597
33.41,33.9415
33.42,33.5168
33.43,33.184
33.44,32.7074
33.45,32.5452
33.46,32.9752
33.47,31.6656
33.48,31.6271
33.49,34.164
33.5,34.1949
33.51,34.3883
33.52,35.5422
33.53,32.5599
33.54,31.4195
33.55,34.1811
33.56,32.0152
33.57,34.1923
33.58,34.9203
33.59,34.1359
33.6,33.1874
33.61,34.2667
33.62,33.2259
33.63,33.2759
33.64,35.0163
33.65,33.4072
33.66,32.959
33.67,34.4177
33.68,33.9642
33.69,34.4888
33.7,34.1099
33.71,32.8935
33.72,33.7719
33.73,32.2754
33.74,33.4372
33.75,34.5227
33.76,34.0025
33.77,32.6963
33.78,32.6767
33.79,33.6673
33.8,34.9954
33.81,35.408
33.82,35.9411
33.83,33.7928
33.84,35.5722
33.85,33.5671
33.86,34.4768
33.87,34.977
33.88,35.902
33.89,33.5118
33.9,34.8318
33.91,35.3038
33.92,33.3967
33.93,35.8171
33.94,34.6875
33.95,32.0901
33.96,32.1998
33.97,35.4579
33.98,34.3087
33.99,34.3592
34,35.6597
34.01,34.4982
34.02,33.7447
34.03,35.0954
34.04,32.4549
34.05,34.8108
34.06,34.5354
34.07,35.1534
34.08,33.1699
34.09,33.5503
34.1,34.0647
34.11,33.2656
34.12,32.9312
34.13,31.9276
34.14,33.0239
34.15,34.2998
34.16,33.7241
34.17,35.9426
34.18,33.9813
34.19,33.7028
34.2,34.2177
34.21,34.5574
34.22,33.2449
34.23,34.8072
34.24,34.6389
34.25,34.8252
34.26,35.1823
34.27,34.0115
34.28,34.0216
34.29,34.5995
34.3,32.7244
34.31,35.411
34.32,34.4449
34.33,33.7818
34.34,32.4211
34.35,36.0696
34.36,34.8308
34.37,34.6148
34.38,32.7875
34.39,35.5495
34.4,33.7297
34.41,35.0763
34.42,33.2629
34.43,35.0641
34.44,32.2403
34.45,34.0473
34.46,33.2519
34.47,35.1212
34.48,35.5348
34.49,32.9834
34.5,36.5371
34.51,35.4093
34.52,33.7261
34.53,34.2151
34.54,33.9505
34.55,34.0013
34.56,35.332
34.57,34.3286
34.58,33.8312
34.59,35.2803
34.6,34.2165
34.61,36.2272
34.62,34.0452
34.63,35.7837
34.64,35.0993
34.65,36.2889
34.66,33.1524
34.67,33.7135
34.68,34.539
34.69,33.896
34.7,33.6321
34.71,33.065
34.72,33.7324
34.73,36.7551
34.74,35.1429
34.75,34.2781
34.76,34.9307
34.77,33.6242
34.78,34.3547
34.79,36.0209
34.8,36.1108
34.81,36.1085
34.82,35.3707
34.83,35.2742
34.84,35.8056
34.85,34.2448
34.86,33.6079
34.87,35.5932
34.88,36.4456
34.89,34.394
34.9,34.5729
34.91,34.8328
34.92,34.0426
34.93,34.0726
34.94,35.7781
34.95,35.3181
34.96,35.4446
34.97,35.7046
34.98,35.8247
34.99,33.5491
35,34.7461
35.01,34.7224
35.02,36.0974
35.03,34.8279
35.04,34.842
35.05,34.671
35.06,35.4456
35.07,34.3561
35.08,35.1623
35.09,34.6355
35.1,33.3877
35.11,34.1677
35.12,33.5721
35.13,32.7035
35.14,35.165
35.15,34.5362
35.16,36.1075
35.17,33.8956
35.18,36.2108
35.19,35.3251
35.2,35.9461
35.21,34.8224
35.22,35.504
35.23,34.7869
35.24,35.241
35.25,34.6972
35.26,35.8972
35.27,35.9851
35.28,34.2697
35.29,34.6302
35.3,33.8361
35.31,35.9289
35.32,35.6478
35.33,34.1525
35.34,33.8521
35.35,35.5051
35.36,36.1755
35.37,35.3245
35.38,35.4634
35.39,35.2758
35.4,36.3656
35.41,35.612
35.42,35.8478
35.43,35.3704
35.44,34.5803
35.45,35.3982
35.46,35.3058
35.47,35.3318
35.48,34.3008
35.49,34.812
35.5,35.6056
35.51,35.1482
35.52,35.4205
35.53,37.8483
35.54,36.2305
35.55,35.0811
35.56,35.1526
35.57,34.7291
35.58,34.3122
35.59,36.4987
35.6,37.2483
35.61,36.0982
35.62,35.0713
35.63,36.0294
35.64,35.1267
35.65,35.2256
35.66,35.3289
35.67,36.3275
35.68,34.8347
35.69,36.034
35.7,36.3333
35.71,34.5575
35.72,35.6636
35.73,34.9443
35.74,36.0519
35.75,33.4442
35.76,34.4427
35.77,36.219
35.78,35.4649
35.79,36.5037
35.8,36.6895
35.81,36.286
35.82,35.4
35.83,35.2344
35.84,35.177
35.85,34.9322
35.86,36.0056
35.87,36.0683
35.88,34.5221
35.89,34.7725
35.9,37.1924
35.91,37.9425
35.92,37.2323
35.93,35.3312
35.94,35.9347
35.95,36.5893
35.96,35.3489
35.97,36.7511
35.98,36.5541
35.99,35.8211
36,37.5157
36.01,36.4462
36.02,35.831
36.03,35.1341
36.04,38.0478
36.05,35.7585
36.06,37.6022
36.07,35.6395
36.08,35.7223
36.09,37.3618
36.1,36.1219
36.11,36.9301
36.12,35.3064
36.13,34.2266
36.14,36.5877
36.15,35.6296
36.16,37.0616
36.17,35.0299
36.18,36.8593
36.19,35.8956
36.2,36.506
36.21,34.495
36.22,36.7932
36.23,36.1505
36.24,35.9343
36.25,37.0976
36.26,36.2404
36.27,36.7085
36.28,36.3306
36.29,35.0935
36.3,34.4719
36.31,35.3632
36.32,35.541
36.33,36.3223
36.34,37.6801
36.35,36.907
36.36,38.4993
36.37,34.6486
36.38,37.4627
36.39,37.308
36.4,36.2249
36.41,37.581
36.42,35.3692
36.43,35.443
36.44,37.8251
36.45,37.0944
36.46,35.8813
36.47,34.4209
36.48,37.525
36.49,37.1696
36.5,36.1562
36.51,36.8638
36.52,36.6575
36.53,35.7265
36.54,36.0765
36.55,36.8836
36.56,35.7717
36.57,36.5782
36.58,36.3321
36.59,36.3986
36.6,35.4527
36.61,37.3289
36.62,38.0307
36.63,35.7307
36.64,36.743
36.65,37.8235
36.66,35.4746
36.67,37.7917
36.68,37.6341
36.69,37.9743
36.7,36.3174
36.71,35.1453
36.72,37.8197
36.73,36.1717
36.74,36.2357
36.75,38.2728
36.76,36.9395
36.77,37.0727
36.78,37.3003
36.79,37.0606
36.8,36.5343
36.81,36.2336
36.82,38.2789
36.83,37.7146
36.84,36.0437
36.85,36.6441
36.86,37.198
36.87,36.082
36.88,35.9681
36.89,36.7209
36.9,37.5876
36.91,37.8693
36.92,36.2611
36.93,37.2168
36.94,36.9993
36.95,36.0916
36.96,34.7536
36.97,36.0587
36.98,34.5468
36.99,36.0946
37,37.6522
37.01,37.3201
37.02,37.8403
37.03,35.7768
37.04,36.5598
37.05,37.9165
37.06,38.2017
37.07,37.1232
37.08,36.9758
37.09,38.7213
37.1,36.0872
37.11,35.4612
37.12,38.0958
37.13,36.7754
37.14,36.5343
37.15,37.2765
37.16,37.2243
37.17,37.0643
37.18,36.9177
37.19,38.5499
37.2,38.1588
37.21,38.9766
37.22,36.069
37.23,38.1249
37.24,36.4478
37.25,37.9213
37.26,35.1163
37.27,37.1345
37.28,39.4165
37.29,37.5429
37.3,35.5558
37.31,35.0847
37.32,37.3108
37.33,37.0198
37.34,36.4021
37.35,35.7239
37.36,35.9396
37.37,37.1787
37.38,37.143
37.39,37.3788
37.4,36.4744
37.41,38.5846
37.42,37.2652
37.43,37.748
37.44,37.7104
37.45,37.7563
37.46,36.8876
37.47,36.4419
37.48,37.0749
37.49,39.0411
37.5,36.2825
37.51,36.7169
37.52,36.6982
37.53,36.4426
37.54,38.094
37.55,38.7124
37.56,38.4482
37.57,38.4534
37.58,34.9393
37.59,37.7395
37.6,36.7451
37.61,38.279
37.62,38.3461
37.63,38.0566
37.64,36.4696
37.65,37.3871
37.66,37.9809
37.67,39.0125
37.68,38.2216
37.69,36.4297
37.7,36.8199
37.71,38.2246
37.72,38.4526
37.73,38.2309
37.74,37.4609
37.75,36.8136
37.76,37.3763
37.77,37.7017
37.78,39.0896
37.79,37.5133
37.8,37.2699
37.81,36.8159
37.82,36.9928
37.83,39.6785
37.84,37.748
37.85,36.9331
37.86,38.6381
37.87,38.0643
37.88,37.5558
37.89,37.2624
37.9,38.7915
37.91,37.7562
37.92,36.3583
37.93,37.1612
37.94,38.683
37.95,39.3838
37.96,38.3804
37.97,39.3602
37.98,38.0908
37.99,37.5475
38,36.9301
38.01,36.8495
38.02,37.4808
38.03,36.901
38.04,38.4922
38.05,35.1374
38.06,38.5791
38.07,38.4321
38.08,39.1055
38.09,38.465
38.1,37.2391
38.11,37.6079
38.12,37.2628
38.13,37.9406
38.14,39.0618
38.15,38.834
38.16,37.1539
38.17,39.6358
38.18,37.5096
38.19,39.0865
38.2,37.8399
38.21,38.8372
38.22,38.5312
38.23,36.0542
38.24,38.4182
38.25,36.3406
38.26,40.3728
38.27,37.6993
38.28,39.607
38.29,37.6689
38.3,37.2557
38.31,37.0355
38.32,38.6107
38.33,39.2778
38.34,35.2046
38.35,36.5027
38.36,39.6908
38.37,38.7409
38.38,38.1231
38.39,39.2005
38.4,37.4343
38.41,39.7754
38.42,37.5094
38.43,37.4422
38.44,38.9497
38.45,39.4431
38.46,38.509
38.47,39.5024
38.48,39.2193
38.49,39.3813
38.5,38.8444
38.51,41.4433
38.52,37.2422
38.53,38.6214
38.54,38.4559
38.55,38.6206
38.56,39.5813
38.57,38.2694
38.58,39.7504
38.59,39.1359
38.6,39.7759
38.61,39.4914
38.62,37.3199
38.63,38.542
38.64,39.009
38.65,39.984
38.66,38.2028
38.67,38.8469
38.68,38.3555
38.69,36.3343
38.7,36.6247
38.71,40.055
38.72,37.8201
38.73,37.5603
38.74,39.2133
38.75,38.5347
38.76,40.1474
38.77,39.9967
38.78,39.6441
38.79,38.0077
38.8,38.6231
38.81,38.1594
38.82,37.85
38.83,37.9034
38.84,38.697
38.85,39.575
38.86,39.3494
38.87,39.135
38.88,37.565
38.89,38.8102
38.9,38.5413
38.91,40.304
38.92,37.7792
38.93,38.8131
38.94,39.4857
38.95,38.1635
38.96,39.6002
38.97,38.1802
38.98,38.8449
38.99,39.4904
39,38.6973
39.01,38.6126
39.02,38.9458
39.03,38.8597
39.04,39.077
39.05,38.2469
39.06,39.606
39.07,37.902
39.08,40.9384
39.09,39.5457
39.1,37.8604
39.11,40.5205
39.12,40.5505
39.13,39.0434
39.14,40.0327
39.15,37.1143
39.16,40.3996
39.17,38.8413
39.18,38.4269
39.19,41.0327
39.2,39.8042
39.21,39.2791
39.22,39.2741
39.23,40.3398
39.24,38.9812
39.25,39.8757
39.26,39.1946
39.27,38.8632
39.28,39.6442
39.29,38.8217
39.3,38.8705
39.31,41.1761
39.32,37.117
39.33,38.7217
39.34,39.0979
39.35,39.3971
39.36,38.7674
39.37,39.2378
39.38,39.8213
39.39,39.547
39.4,39.5703
39.41,38.1903
39.42,38.9908
39.43,40.1677
39.44,39.36
39.45,40.3968
39.46,37.9809
39.47,40.5253
39.48,39.4332
39.49,39.6628
39.5,39.7078
39.51,39.6705
39.52,40.4
39.53,37.0789
39.54,40.2085
39.55,39.7732
39.56,40.5214
39.57,39.5058
39.58,37.2947
39.59,38.5574
39.6,39.3315
39.61,39.7112
39.62,38.2719
39.63,39.0084
39.64,38.057
39.65,39.174
39.66,41.0327
39.67,39.254
39.68,39.502
39.69,39.5576
39.7,38.5676
39.71,39.4009
39.72,38.2422
39.73,39.2824
39.74,40.8797
39.75,39.7573
39.76,40.0183
39.77,39.7071
39.78,40.4317
39.79,39.0798
39.8,40.0168
39.81,40.5215
39.82,39.1807
39.83,39.8217
39.84,39.8741
39.85,38.2912
39.86,40.0702
39.87,39.4242
39.88,40.8494
39.89,39.0289
39.9,40.5045
39.91,39.8418
39.92,41.1961
39.93,39.7341
39.94,39.459
39.95,38.7533
39.96,40.8589
39.97,39.7724
39.98,41.2102
39.99,40.6191
40,38.8642
40.01,40.5655
40.02,39.9907
40.03,40.2758
40.04,39.6936
40.05,41.2846
40.06,38.426
40.07,38.6447
40.08,42.4872
40.09,38.7481
40.1,40.3792
40.11,38.7307
40.12,40.7975
40.13,41.0192
40.14,42.2833
40.15,41.6062
40.16,40.6697
40.17,40.3039
40.18,40.5418
40.19,40.3201
40.2,39.6319
40.21,42.4359
40.22,40.2984
40.23,39.8516
40.24,39.5784
40.25,41.0769
40.26,39.1356
40.27,41.406
40.28,39.5456
40.29,42.3466
40.3,41.4909
40.31,40.6152
40.32,39.2737
40.33,39.522
40.34,40.337
40.35,40.4395
40.36,40.3797
40.37,41.6942
40.38,40.238
40.39,38.6875
40.4,39.9755
40.41,40.9253
40.42,39.7308
40.43,39.6788
40.44,39.3522
40.45,41.7817
40.46,40.148
40.47,39.4375
40.48,40.9978
40.49,41.8732
40.5,40.0561
40.51,38.6776
40.52,40.5729
40.53,40.9019
40.54,40.0059
40.55,39.429
40.56,40.5119
40.57,41.7271
40.58,40.7734
40.59,41.5119
40.6,41.6229
40.61,40.4508
40.62,40.8828
40.63,40.9811
40.64,38.9953
40.65,40.9488
40.66,41.3225
40.67,40.9965
40.68,42.8655
40.69,41.6272
40.7,39.39
40.71,40.5996
40.72,40.0434
40.73,42.1031
40.74,40.1292
40.75,38.8466
40.76,41.5313
40.77,41.1931
40.78,39.793
40.79,40.0701
40.8,41.353
40.81,42.7024
40.82,39.9018
40.83,41.6937
40.84,41.3393
40.85,41.0993
40.86,40.1646
40.87,39.9039
40.88,39.5048
40.89,40.0283
40.9,41.5921
40.91,41.8003
40.92,41.2044
40.93,39.8396
40.94,40.0512
40.95,40.3446
40.96,40.7076
40.97,41.0167
40.98,42.245
40.99,39.6689
41,41.729
41.01,40.3237
41.02,39.8265
41.03,42.2556
41.04,40.9363
41.05,40.0083
41.06,40.6265
41.07,41.2673
41.08,40.853
41.09,41.4209
41.1,41.4079
41.11,41.3206
41.12,38.7485
41.13,41.2089
41.14,41.6923
41.15,40.3572
41.16,40.8369
41.17,41.7171
41.18,40.2275
41.19,44.453
41.2,41.5296
41.21,40.6268
41.22,41.3296
41.23,42.2339
41.24,41.6259
41.25,39.5061
41.26,42.4201
41.27,41.7697
41.28,40.6363
41.29,40.209
41.3,40.7551
41.31,42.2714
41.32,41.3757
41.33,41.2603
41.34,41.9424
41.35,41.8138
41.36,42.5063
41.37,42.0732
41.38,42.6115
41.39,42.9866
41.4,41.0683
41.41,42.063
41.42,40.6663
41.43,41.2422
41.44,41.6509
41.45,40.0418
41.46,42.1948
41.47,40.7398
41.48,40.1072
41.49,41.2542
41.5,41.6185
41.51,39.4269
41.52,39.8684
41.53,42.4515
41.54,40.322
41.55,40.0683
41.56,41.3066
41.57,40.8882
41.58,39.5195
41.59,42.0945
41.6,41.6633
41.61,42.4101
41.62,41.0763
41.63,41.2267
41.64,43.0517
41.65,41.1188
41.66,39.5582
41.67,40.5736
41.68,43.1596
41.69,40.6769
41.7,42.4099
41.71,43.2166
41.72,42.5672
41.73,42.7628
41.74,41.6238
41.75,41.6372
41.76,40.8302
41.77,40.5874
41.78,42.7845
41.79,40.5025
41.8,41.997
41.81,40.515
41.82,39.9911
41.83,42.5837
41.84,42.5866
41.85,40.3439
41.86,41.1617
41.87,42.5833
41.88,41.1249
41.89,42.9659
41.9,41.9319
41.91,42.1261
41.92,41.1005
41.93,41.2022
41.94,41.3079
41.95,44.0791
41.96,39.5597
41.97,43.3229
41.98,43.0493
41.99,42.5985
42,40.2882
42.01,43.3966
42.02,40.7485
42.03,41.6355
42.04,42.5477
42.05,41.8076
42.06,40.0496
42.07,42.032
42.08,40.7665
42.09,43.0018
42.1,42.146
42.11,43.6262
42.12,40.3754
42.13,44.0395
42.14,42.7673
42.15,42.8311
42.16,42.6287
42.17,42.0048
42.18,42.8889
42.19,41.0101
42.2,42.0638
42.21,41.9187
42.22,43.2331
42.23,42.4879
42.24,40.2323
42.25,44.0239
42.26,43.4571
42.27,41.6065
42.28,41.625
42.29,40.1596
42.3,42.2359
42.31,40.6538
42.32,41.9781
42.33,42.1702
42.34,43.8097
42.35,42.2756
42.36,42.7743
42.37,42.5958
42.38,40.5473
42.39,41.3327
42.4,43.5199
42.41,42.5139
42.42,42.9701
42.43,43.7846
42.44,41.5326
42.45,43.0075
42.46,45.0973
42.47,41.9844
42.48,41.3795
42.49,41.4413
42.5,41.9624
42.51,42.535
42.52,43.5956
42.53,43.2501
42.54,43.8666
42.55,42.952
42.56,42.0393
42.57,43.9603
42.58,42.8122
42.59,41.8684
42.6,43.1341
42.61,41.5741
42.62,42.3157
42.63,42.7609
42.64,41.6718
42.65,41.1413
42.66,44.3684
42.67,41.6938
42.68,42.8903
42.69,43.4893
42.7,42.2813
42.71,41.1104
42.72,43.557
42.73,43.7576
42.74,42.7547
42.75,42.6855
42.76,43.5712
42.77,42.5495
42.78,42.464
42.79,43.2191
42.8,42.9277
42.81,43.7234
42.82,43.899
42.83,42.3676
42.84,41.8521
42.85,44.8788
42.86,41.9308
42.87,43.5515
42.88,42.3825
42.89,43.9896
42.9,42.9081
42.91,42.2211
42.92,41.251
42.93,43.199
42.94,42.625
42.95,43.5066
42.96,43.1661
42.97,42.0324
42.98,44.6075
42.99,41.4903
43,44.3366
43.01,43.7103
43.02,43.5739
43.03,44.1106
43.04,42.684
43.05,42.8827
43.06,41.592
43.07,44.3462
43.08,41.6055
43.09,42.0538
43.1,42.4409
43.11,41.1726
43.12,44.0787
43.13,44.2549
43.14,42.0766
43.15,41.7886
43.16,44.5655
43.17,41.8187
43.18,43.6064
43.19,44.1146
43.2,43.5806
43.21,42.5245
43.22,43.6646
43.23,41.2221
43.24,44.7261
43.25,43.9188
43.26,42.8105
43.27,43.6021
43.28,42.1296
43.29,42.7173
43.3,45.0267
43.31,42.5253
43.32,43.5321
43.33,43.3345
43.34,43.115
43.35,43.1242
43.36,42.5718
43.37,42.4759
43.38,45.2842
43.39,43.9634
43.4,43.2502
43.41,42.4033
43.42,43.3051
43.43,44.5961
43.44,42.8812
43.45,44.8521
43.46,43.0378
43.47,42.3773
43.48,42.9694
43.49,42.5629
43.5,42.9397
43.51,43.5134
43.52,44.3068
43.53,43.5362
43.54,44.497
43.55,43.5681
43.56,43.7609
43.57,43.6355
43.58,42.1199
43.59,42.9106
43.6,46.1983
43.61,43.5615
43.62,44.6278
43.63,42.8747
43.64,44.458
43.65,43.7449
43.66,43.7296
43.67,42.6652
43.68,42.9844
43.69,42.977
43.7,45.7291
43.71,44.5354
43.72,43.5913
43.73,43.818
43.74,42.9674
43.75,43.8561
43.76,43.9002
43.77,45.0985
43.78,44.4319
43.79,46.1726
43.8,43.7517
43.81,42.1987
43.82,44.0015
43.83,43.0445
43.84,44.6895
43.85,44.3786
43.86,44.3178
43.87,45.2505
43.88,43.7523
43.89,43.1915
43.9,44.4056
43.91,43.5667
43.92,44.0025
43.93,44.7545
43.94,45.3627
43.95,45.1853
43.96,44.7503
43.97,44.4179
43.98,43.5395
43.99,43.6958
44,44.3982
44.01,43.0538
44.02,42.4931
44.03,44.8455
44.04,45.4645
44.05,44.6777
44.06,46.0723
44.07,45.0277
44.08,45.3087
44.09,44.8873
44.1,44.0064
44.11,45.3378
44.12,44.9817
44.13,42.7026
44.14,44.2583
44.15,43.0654
44.16,45.7562
44.17,45.7982
44.18,43.6157
44.19,43.9335
44.2,44.4312
44.21,43.7175
44.22,43.2032
44.23,43.476
44.24,44.7631
44.25,44.8101
44.26,44.3145
44.27,41.7003
44.28,43.0228
44.29,44.8256
44.3,43.7388
44.31,46.2636
44.32,46.3311
44.33,44.0549
44.34,43.7371
44.35,44.6809
44.36,44.7706
44.37,45.6621
44.38,44.876
44.39,43.5172
44.4,44.4466
44.41,43.8246
44.42,43.7925
44.43,44.1537
44.44,44.4063
44.45,43.6356
44.46,44.6015
44.47,44.9509
44.48,45.9173
44.49,44.9602
44.5,45.2797
44.51,43.6005
44.52,44.7794
44.53,45.0819
44.54,43.2185
44.55,44.167
44.56,44.2975
44.57,45.5153
44.58,44.5617
44.59,44.1237
44.6,45.2714
44.61,45.6465
44.62,44.1034
44.63,45.2709
44.64,43.1863
44.65,44.311
44.66,46.1403
44.67,46.4471
44.68,43.167
44.69,45.3373
44.7,45.0872
44.71,43.7965
44.72,46.2331
44.73,45.376
44.74,45.3156
44.75,45.7069
44.76,45.9801
44.77,44.732
44.78,44.9433
44.79,46.8379
44.8,46.0489
44.81,45.071
44.82,46.12
44.83,45.3245
44.84,44.9324
44.85,44.4742
44.86,44.7502
44.87,45.4545
44.88,44.6473
44.89,45.2653
44.9,45.4975
44.91,44.0976
44.92,44.5715
44.93,45.6982
44.94,44.4938
44.95,45.9577
44.96,46.2414
44.97,44.1335
44.98,46.1922
44.99,45.4125
45,42.7064
45.01,45.844
45.02,45.5388
45.03,45.5142
45.04,45.6373
45.05,45.9156
45.06,44.6698
45.07,42.7256
45.08,43.4152
45.09,45.1246
45.1,44.8501
45.11,42.7865
45.12,43.4199
45.13,44.6025
45.14,45.479
45.15,44.7468
45.16,45.0488
45.17,45.2609
45.18,45.0672
45.19,44.435
45.2,42.8475
45.21,44.2721
45.22,44.4269
45.23,46.239
45.24,44.6336
45.25,45.0629
45.26,45.8331
45.27,43.9972
45.28,43.5342
45.29,45.7597
45.3,45.6791
45.31,46.1672
45.32,45.2214
45.33,44.2379
45.34,44.6848
45.35,45.4855
45.36,46.5382
45.37,45.3742
45.38,45.5469
45.39,47.093
45.4,45.5693
45.41,45.251
45.42,45.1132
45.43,46.2554
45.44,45.8798
45.45,44.3653
45.46,46.204
45.47,45.7457
45.48,46.7438
45.49,45.987
45.5,45.9445
45.51,47.6935
45.52,45.3268
45.53,45.625
45.54,43.427
45.55,45.608
45.56,46.1457
45.57,46.0218
45.58,45.6078
45.59,46.822
45.6,44.6324
45.61,44.6945
45.62,45.9556
45.63,46.8052
45.64,44.3167
45.65,44.2962
45.66,46.8643
45.67,46.0865
45.68,45.7797
45.69,44.5138
45.7,45.9986
45.71,45.0398
45.72,45.3905
45.73,47.0597
45.74,45.2292
45.75,46.2497
45.76,47.0877
45.77,45.9977
45.78,46.6662
45.79,45.8987
45.8,47.3906
45.81,44.3037
45.82,46.6954
45.83,46.7303
45.84,46.2451
45.85,45.5709
45.86,46.1087
45.87,44.7938
45.88,46.7088
45.89,47.2865
45.9,46.2804
45.91,45.1375
45.92,46.9541
45.93,45.3316
45.94,47.7415
45.95,45.502
45.96,47.3699
45.97,45.3184
45.98,44.3562
45.99,46.9603
46,45.1007
46.01,47.3484
46.02,46.3849
46.03,47.6724
46.04,46.3461
46.05,46.2023
46.06,44.3804
46.07,46.2317
46.08,47.0537
46.09,46.0769
46.1,46.2057
46.11,46.5631
46.12,45.4772
46.13,44.5723
46.14,46.5694
46.15,45.9239
46.16,46.1456
46.17,45.7392
46.18,46.9437
46.19,45.5574
46.2,46.0917
46.21,47.0636
46.22,45.6769
46.23,44.8488
46.24,45.0721
46.25,46.3383
46.26,45.3656
46.27,44.2996
46.28,45.8539
46.29,46.9702
46.3,47.0432
46.31,45.6784
46.32,47.1566
46.33,47.4488
46.34,45.0165
46.35,47.4087
46.36,47.6359
46.37,47.8702
46.38,45.406
46.39,45.9067
46.4,48.1136
46.41,46.7494
46.42,46.3829
46.43,44.6128
46.44,47.0733
46.45,46.6219
46.46,44.8995
46.47,45.9067
46.48,45.0439
46.49,46.1959
46.5,47.3143
46.51,44.9679
46.52,46.0398
46.53,46.0758
46.54,47.4687
46.55,45.1832
46.56,45.3716
46.57,48.698
46.58,46.254
46.59,47.4741
46.6,46.0628
46.61,45.382
46.62,45.5827
46.63,48.0392
46.64,46.2786
46.65,46.3956
46.66,46.052
46.67,46.6295
46.68,46.238
46.69,47.6005
46.7,46.9588
46.71,45.6748
46.72,46.98
46.73,47.4038
46.74,45.9205
46.75,46.0159
46.76,44.9697
46.77,45.9848
46.78,46.5658
46.79,47.8206
46.8,47.0034
46.81,47.8858
46.82,46.6975
46.83,46.1414
46.84,45.2513
46.85,46.7693
46.86,48.3375
46.87,47.78
46.88,45.8984
46.89,48.0441
46.9,46.8301
46.91,45.9564
46.92,47.5825
46.93,47.5226
46.94,46.7644
46.95,46.8005
46.96,46.296
46.97,48.3968
46.98,45.0296
46.99,46.9871
47,47.8153
47.01,47.3299
47.02,46.2644
47.03,46.4744
47.04,49.0824
47.05,45.5656
47.06,46.491
47.07,47.4459
47.08,48.4718
47.09,46.6183
47.1,47.4649
47.11,47.7543
47.12,47.6515
47.13,48.0938
47.14,46.3191
47.15,46.7956
47.16,45.8573
47.17,46.3041
47.18,47.8184
47.19,47.6787
47.2,47.6684
47.21,48.6508
47.22,47.3736
47.23,46.4338
47.24,46.4048
47.25,46.3675
47.26,47.3463
47.27,49.1939
47.28,47.3411
47.29,47.0046
47.3,46.714
47.31,47.8354
47.32,47.6347
47.33,46.4469
47.34,48.0795
47.35,48.2725
47.36,47.0566
47.37,47.3495
47.38,47.5778
47.39,47.398
47.4,46.6389
47.41,47.184
47.42,47.0529
47.43,45.7742
47.44,48.5837
47.45,46.9639
47.46,46.7251
47.47,46.7289
47.48,45.5884
47.49,48.6872
47.5,46.421
47.51,47.8536
47.52,47.0061
47.53,47.5752
47.54,49.0368
47.55,47.9561
47.56,47.4391
47.57,48.4564
47.58,48.2915
47.59,47.4027
47.6,46.4615
47.61,47.7759
47.62,48.8268
47.63,49.0078
47.64,46.6143
47.65,47.4732
47.66,46.7713
47.67,48.5491
47.68,47.6919
47.69,46.892
47.7,45.8503
47.71,48.0797
47.72,47.3659
47.73,48.7117
47.74,46.9364
47.75,49.6175
47.76,47.7079
47.77,48.9408
47.78,47.8415
47.79,48.7971
47.8,47.676
47.81,47.7822
47.82,48.8625
47.83,48.3726
47.84,47.7208
47.85,49.1564
47.86,49.3153
47.87,47.8575
47.88,48.6425
47.89,48.4074
47.9,47.9928
47.91,47.502
47.92,47.0736
47.93,48.1283
47.94,47.8265
47.95,47.3415
47.96,45.7971
47.97,47.1375
47.98,49.4354
47.99,48.1092
48,46.2933
48.01,47.1037
48.02,48.7622
48.03,48.2165
48.04,49.6418
48.05,47.2257
48.06,48.6064
48.07,46.77
48.08,48.7555
48.09,47.8243
48.1,47.5783
48.11,46.3875
48.12,47.5573
48.13,49.0169
48.14,46.948
48.15,47.7103
48.16,47.2375
48.17,48.5176
48.18,47.3968
48.19,49.2136
48.2,48.1591
48.21,47.5336
48.22,46.9915
48.23,48.9513
48.24,48.2873
48.25,48.0106
48.26,48.3196
48.27,48.3167
48.28,47.4825
48.29,48.3992
48.3,48.6033
48.31,48.3235
48.32,48.6377
48.33,48.4279
48.34,48.7894
48.35,47.8872
48.36,47.2802
48.37,48.7947
48.38,48.7339
48.39,48.4445
48.4,48.8644
48.41,49.3778
48.42,49.737
48.43,48.8031
48.44,46.5247
48.45,49.7151
48.46,47.504
48.47,47.7547
48.48,46.7189
48.49,49.6014
48.5,47.0771
48.51,50.0757
48.52,49.3837
48.53,48.1252
48.54,47.1566
48.55,50.4188
48.56,49.5699
48.57,48.4951
48.58,48.5237
48.59,50.0036
48.6,49.5801
48.61,48.6393
48.62,48.7183
48.63,48.7449
48.64,48.0751
48.65,47.3298
48.66,47.4781
48.67,49.005
48.68,47.6114
48.69,47.356
48.7,49.6883
48.71,47.8193
48.72,50.4324
48.73,47.5786
48.74,48.1232
48.75,48.7801
48.76,48.4487
48.77,47.8656
48.78,48.0915
48.79,49.2108
48.8,48.8568
48.81,47.8976
48.82,47.8389
48.83,48.6334
48.84,48.9078
48.85,48.607
48.86,50.4494
48.87,49.0716
48.88,47.8991
48.89,48.4457
48.9,49.5085
48.91,49.9763
48.92,49.5326
48.93,50.3719
48.94,50.3037
48.95,48.1815
48.96,48.5527
48.97,49.7698
48.98,49.1455
48.99,48.3763
49,49.5813
49.01,48.4323
49.02,49.0201
49.03,49.3954
49.04,50.0213
49.05,50.1764
49.06,47.7837
49.07,48.6605
49.08,47.141
49.09,48.7194
49.1,47.091
49.11,50.9832
49.12,49.5151
49.13,50.8545
49.14,48.5128
49.15,48.1783
49.16,48.1502
49.17,49.4941
49.18,50.6956
49.19,47.5278
49.2,48.8212
49.21,50.9541
49.22,47.7976
49.23,49.4692
49.24,48.8975
49.25,48.2517
49.26,49.1883
49.27,50.21
49.28,47.16
49.29,49.2927
49.3,48.4645
49.31,50.3582
49.32,49.2317
49.33,51.1472
49.34,49.1884
49.35,49.3076
49.36,48.9145
49.37,48.3544
49.38,47.8551
49.39,49.5136
49.4,49.6228
49.41,49.3742
49.42,49.0855
49.43,49.8195
49.44,48.7389
49.45,51.1603
49.46,50.0758
49.47,48.1797
49.48,48.2587
49.49,48.281
49.5,49.6874
49.51,49.44
49.52,48.8895
49.53,50.2514
49.54,49.5343
49.55,47.6104
49.56,50.684
49.57,48.2929
49.58,48.9077
49.59,50.6364
49.6,49.4875
49.61,48.7753
49.62,49.7327
49.63,50.0936
49.64,49.1911
49.65,49.0087
49.66,50.7439
49.67,50.6874
49.68,50.5438
49.69,50.597
49.7,50.7762
49.71,48.3624
49.72,48.281
49.73,52.1587
49.74,49.2859
49.75,49.7245
49.76,47.8212
49.77,51.1504
49.78,51.9538
49.79,51.4478
49.8,49.2068
49.81,50.5356
49.82,51.5207
49.83,51.2337
49.84,49.4341
49.85,51.0127
49.86,48.9151
49.87,48.3742
49.88,50.4274
49.89,48.9869
49.9,50.2785
49.91,49.2335
49.92,50.8581
49.93,49.8015
49.94,49.9351
49.95,50.2436
49.96,49.3118
49.97,50.1594
49.98,50.7424
49.99,49.8895
